-- MySQL Administrator dump 1.4
--
-- ------------------------------------------------------
-- Server version	5.6.23-log


/*!40101 SET @OLD_CHARACTER_SET_CLIENT=@@CHARACTER_SET_CLIENT */;
/*!40101 SET @OLD_CHARACTER_SET_RESULTS=@@CHARACTER_SET_RESULTS */;
/*!40101 SET @OLD_COLLATION_CONNECTION=@@COLLATION_CONNECTION */;
/*!40101 SET NAMES utf8 */;

/*!40014 SET @OLD_UNIQUE_CHECKS=@@UNIQUE_CHECKS, UNIQUE_CHECKS=0 */;
/*!40014 SET @OLD_FOREIGN_KEY_CHECKS=@@FOREIGN_KEY_CHECKS, FOREIGN_KEY_CHECKS=0 */;
/*!40101 SET @OLD_SQL_MODE=@@SQL_MODE, SQL_MODE='NO_AUTO_VALUE_ON_ZERO' */;


--
-- Create schema `cb_lms-db`
--

CREATE DATABASE IF NOT EXISTS `cb_lms-db`;
USE `cb_lms-db`;

--
-- Definition of table `answer_key`
--

DROP TABLE IF EXISTS `answer_key`;
CREATE TABLE `answer_key` (
  `question_id` bigint(20) NOT NULL,
  `option_id` bigint(20) NOT NULL,
  PRIMARY KEY (`question_id`),
  UNIQUE KEY `question_id` (`question_id`),
  UNIQUE KEY `option_id` (`option_id`)
) ENGINE=InnoDB DEFAULT CHARSET=latin1;

--
-- Dumping data for table `answer_key`
--

/*!40000 ALTER TABLE `answer_key` DISABLE KEYS */;
INSERT INTO `answer_key` (`question_id`,`option_id`) VALUES 
 (181,905),
 (182,909),
 (183,913),
 (184,916),
 (185,918),
 (186,920),
 (187,922),
 (188,926),
 (189,929),
 (190,932),
 (191,935),
 (192,939),
 (193,943),
 (194,947),
 (195,949),
 (196,954),
 (197,958),
 (198,961),
 (199,963),
 (200,964),
 (201,965),
 (202,966),
 (203,967),
 (204,968),
 (205,969),
 (206,970),
 (207,972),
 (208,974),
 (209,979),
 (210,981),
 (211,985),
 (212,986),
 (213,987),
 (214,991),
 (215,995),
 (216,999),
 (217,1003),
 (218,1007),
 (219,1011),
 (220,1015),
 (221,1019),
 (222,1023),
 (223,1024),
 (224,1025),
 (225,1026),
 (226,1027),
 (227,1028),
 (228,1029),
 (229,1033),
 (230,1037),
 (231,1038),
 (232,1039),
 (233,1040),
 (234,1041),
 (235,1045),
 (236,1046),
 (237,1047),
 (238,1051),
 (239,1052),
 (240,1056),
 (241,1057),
 (242,1058),
 (243,1059),
 (244,1060),
 (245,1061),
 (246,1062),
 (247,1063),
 (248,1064),
 (249,1065),
 (250,1066),
 (251,1070),
 (252,1074),
 (253,1078),
 (254,1082),
 (255,1083),
 (256,1087),
 (257,1088),
 (258,1093),
 (259,1098),
 (260,1103),
 (261,1108),
 (262,1113),
 (263,1118),
 (264,1122),
 (265,1127),
 (266,1132),
 (267,1136),
 (268,1137),
 (269,1138),
 (270,1139),
 (271,1144),
 (272,1148),
 (273,1152),
 (274,1156),
 (275,1157),
 (276,1158),
 (277,1162),
 (278,1163),
 (279,1167),
 (280,1171),
 (281,1175),
 (282,1180),
 (283,1181),
 (284,1185),
 (286,1193),
 (287,1196),
 (288,1203),
 (289,1207),
 (290,1211),
 (291,1215),
 (292,1219),
 (293,1224),
 (294,1229),
 (295,1234),
 (296,1239),
 (297,1243),
 (298,1247),
 (299,1251),
 (300,1255),
 (301,1259),
 (302,1263),
 (303,1267),
 (304,1271),
 (305,1275),
 (306,1279),
 (307,1283),
 (308,1287),
 (309,1291),
 (310,1295),
 (311,1299),
 (312,1303),
 (313,1306),
 (314,1311),
 (315,1315),
 (316,1319),
 (317,1323),
 (318,1327),
 (319,1331),
 (320,1335),
 (321,1339),
 (322,1342),
 (323,1347),
 (324,1351),
 (325,1353),
 (326,1359),
 (327,1363),
 (328,1367),
 (329,1372),
 (330,1376),
 (331,1381),
 (332,1384),
 (333,1387),
 (334,1393),
 (335,1397),
 (336,1401),
 (337,1406),
 (338,1410),
 (339,1414),
 (340,1415),
 (341,1419),
 (342,1420),
 (343,1421),
 (344,1422),
 (345,1426),
 (346,1427),
 (347,1428),
 (348,1429),
 (349,1430),
 (350,1431),
 (351,1432),
 (352,1433),
 (353,1434),
 (354,1435),
 (355,1436),
 (356,1437),
 (357,1438),
 (358,1442),
 (359,1443),
 (360,1448),
 (361,1452),
 (362,1456),
 (363,1461),
 (364,1465),
 (365,1469),
 (366,1470),
 (367,1471),
 (368,1472),
 (369,1475),
 (370,1479),
 (371,1483),
 (372,1487),
 (373,1491),
 (374,1498),
 (375,1502),
 (376,1505),
 (377,1509),
 (378,1513),
 (379,1517),
 (380,1521),
 (381,1522),
 (382,1527),
 (383,1531),
 (384,1535),
 (385,1538),
 (386,1542),
 (387,1543),
 (388,1544),
 (389,1545),
 (390,1546),
 (391,1547),
 (392,1551),
 (393,1556),
 (394,1561),
 (285,1572),
 (395,1579),
 (396,1583),
 (397,1587),
 (398,1592),
 (399,1597),
 (400,1602),
 (401,1607),
 (402,1612),
 (403,1617),
 (404,1622),
 (405,1627),
 (406,1631),
 (407,1635),
 (408,1639),
 (409,1643),
 (410,1647),
 (411,1651),
 (412,1655),
 (413,1660),
 (414,1665),
 (415,1670),
 (416,1674),
 (422,1679),
 (423,1683),
 (424,1688),
 (425,1692),
 (426,1696),
 (427,1700),
 (428,1705),
 (429,1709),
 (430,1714),
 (431,1718),
 (432,1722),
 (433,1727),
 (434,1731),
 (435,1736),
 (436,1741),
 (437,1746),
 (438,1751),
 (439,1755),
 (440,1760),
 (441,1765),
 (442,1769),
 (443,1773),
 (444,1778),
 (445,1782),
 (446,1787),
 (447,1791),
 (448,1795),
 (449,1800),
 (450,1804),
 (451,1808),
 (452,1812),
 (453,1816),
 (454,1820),
 (455,1824),
 (456,1828),
 (457,1832),
 (458,1836),
 (459,1840),
 (460,1845),
 (461,1849),
 (462,1853),
 (463,1857),
 (464,1861),
 (465,1865),
 (466,1869),
 (467,1873),
 (468,1877),
 (469,1881),
 (470,1885),
 (471,1889),
 (472,1893),
 (473,1898),
 (474,1902),
 (475,1905),
 (476,1909),
 (477,1912),
 (478,1916),
 (479,1920),
 (480,1924),
 (481,1928),
 (482,1932),
 (483,1933),
 (484,1934),
 (485,1935),
 (486,1936),
 (487,1937),
 (488,1938),
 (489,1939),
 (490,1940),
 (491,1941),
 (492,1942),
 (493,1943),
 (494,1944),
 (495,1945),
 (496,1946),
 (497,1947),
 (498,1948),
 (499,1949),
 (500,1950),
 (501,1951),
 (502,1952),
 (503,1953),
 (504,1958),
 (505,1962),
 (506,1966),
 (507,1971),
 (508,1976),
 (509,1981),
 (510,1986),
 (511,1991),
 (512,1996),
 (513,2001),
 (514,2006),
 (515,2011),
 (516,2016),
 (517,2019),
 (518,2024),
 (519,2029),
 (520,2033),
 (521,2037),
 (522,2041),
 (523,2045),
 (524,2048),
 (525,2052),
 (526,2057),
 (527,2061),
 (528,2065),
 (529,2070),
 (530,2075),
 (531,2080),
 (532,2085),
 (533,2090),
 (534,2094),
 (535,2098),
 (536,2102),
 (537,2107),
 (538,2111),
 (539,2115),
 (540,2119),
 (541,2123),
 (542,2128),
 (543,2133),
 (544,2137),
 (545,2142),
 (546,2147),
 (547,2151),
 (548,2155),
 (549,2158),
 (550,2161),
 (551,2164),
 (552,2166),
 (553,2172),
 (554,2176),
 (555,2180),
 (556,2185),
 (557,2189),
 (558,2193),
 (559,2198),
 (560,2203),
 (561,2208),
 (562,2212),
 (563,2216),
 (564,2220),
 (565,2225),
 (566,2229),
 (567,2233),
 (568,2237),
 (569,2241),
 (570,2243),
 (571,2248),
 (572,2252),
 (573,2256),
 (574,2260),
 (575,2264),
 (576,2269),
 (577,2273),
 (578,2277),
 (579,2281),
 (580,2286),
 (581,2290),
 (582,2294),
 (583,2298),
 (584,2302),
 (585,2307),
 (586,2312),
 (587,2317),
 (588,2322),
 (589,2327),
 (590,2332),
 (591,2336),
 (592,2340),
 (593,2344),
 (594,2348),
 (595,2353),
 (596,2358),
 (597,2363),
 (598,2368),
 (599,2373),
 (600,2378),
 (601,2383),
 (602,2388),
 (603,2393),
 (604,2398),
 (605,2403),
 (606,2408),
 (607,2413),
 (608,2418),
 (609,2423),
 (610,2428),
 (611,2433),
 (612,2434),
 (613,2443),
 (614,2448),
 (615,2453),
 (616,2457),
 (617,2462),
 (618,2467),
 (619,2471),
 (620,2475),
 (621,2479),
 (622,2483),
 (623,2487),
 (624,2491),
 (625,2495),
 (626,2499),
 (627,2503),
 (628,2507),
 (629,2511),
 (630,2515),
 (631,2519),
 (632,2523),
 (633,2528),
 (634,2532),
 (635,2536),
 (636,2541),
 (637,2545),
 (638,2549),
 (639,2553),
 (640,2558),
 (641,2563),
 (642,2568),
 (643,2572),
 (644,2577),
 (645,2582),
 (646,2586),
 (647,2590),
 (648,2594),
 (649,2598),
 (650,2602),
 (651,2606),
 (652,2611),
 (653,2615),
 (654,2619),
 (655,2623),
 (656,2627);
/*!40000 ALTER TABLE `answer_key` ENABLE KEYS */;


--
-- Definition of table `exam`
--

DROP TABLE IF EXISTS `exam`;
CREATE TABLE `exam` (
  `id` bigint(20) NOT NULL AUTO_INCREMENT,
  `exam_image_name` varchar(255) DEFAULT NULL,
  `exam_name` varchar(255) DEFAULT NULL,
  `state` varchar(20) NOT NULL DEFAULT 'INACTIVE',
  PRIMARY KEY (`id`)
) ENGINE=InnoDB AUTO_INCREMENT=2 DEFAULT CHARSET=latin1;

--
-- Dumping data for table `exam`
--

/*!40000 ALTER TABLE `exam` DISABLE KEYS */;
INSERT INTO `exam` (`id`,`exam_image_name`,`exam_name`,`state`) VALUES 
 (1,NULL,'grade 8','ACTIVE');
/*!40000 ALTER TABLE `exam` ENABLE KEYS */;


--
-- Definition of table `exam_section`
--

DROP TABLE IF EXISTS `exam_section`;
CREATE TABLE `exam_section` (
  `id` bigint(20) NOT NULL AUTO_INCREMENT,
  `name` varchar(255) DEFAULT NULL,
  `exam_id` bigint(20) NOT NULL,
  `state` varchar(20) NOT NULL DEFAULT 'INACTIVE',
  PRIMARY KEY (`id`),
  KEY `FK87404EC5CEE29EBE` (`exam_id`),
  CONSTRAINT `FK87404EC5CEE29EBE` FOREIGN KEY (`exam_id`) REFERENCES `exam` (`id`)
) ENGINE=InnoDB AUTO_INCREMENT=2 DEFAULT CHARSET=latin1;

--
-- Dumping data for table `exam_section`
--

/*!40000 ALTER TABLE `exam_section` DISABLE KEYS */;
INSERT INTO `exam_section` (`id`,`name`,`exam_id`,`state`) VALUES 
 (1,'math',1,'ACTIVE');
/*!40000 ALTER TABLE `exam_section` ENABLE KEYS */;


--
-- Definition of table `game_instance`
--

DROP TABLE IF EXISTS `game_instance`;
CREATE TABLE `game_instance` (
  `id` bigint(20) NOT NULL AUTO_INCREMENT,
  `game_difficulty_level` varchar(255) DEFAULT NULL,
  `game_creation_time` bigint(20) DEFAULT NULL,
  `game_end_time` bigint(20) DEFAULT NULL,
  `game_winning_points` int(11) DEFAULT '0',
  `no_of_players_beaten` int(11) DEFAULT '0',
  `state` varchar(255) DEFAULT NULL,
  `exam_section_id` bigint(20) DEFAULT NULL,
  `winner_user_id` bigint(20) DEFAULT NULL,
  `topic_id` bigint(20) DEFAULT NULL,
  PRIMARY KEY (`id`),
  KEY `FKCDDCCA423C2B69E2` (`winner_user_id`),
  KEY `FKCDDCCA4261BC4676` (`topic_id`),
  KEY `FKCDDCCA42A0390B7` (`exam_section_id`),
  CONSTRAINT `FKCDDCCA423C2B69E2` FOREIGN KEY (`winner_user_id`) REFERENCES `user` (`id`),
  CONSTRAINT `FKCDDCCA4261BC4676` FOREIGN KEY (`topic_id`) REFERENCES `topic` (`id`),
  CONSTRAINT `FKCDDCCA42A0390B7` FOREIGN KEY (`exam_section_id`) REFERENCES `exam_section` (`id`)
) ENGINE=InnoDB DEFAULT CHARSET=latin1;

--
-- Dumping data for table `game_instance`
--

/*!40000 ALTER TABLE `game_instance` DISABLE KEYS */;
/*!40000 ALTER TABLE `game_instance` ENABLE KEYS */;


--
-- Definition of table `player`
--

DROP TABLE IF EXISTS `player`;
CREATE TABLE `player` (
  `id` bigint(20) NOT NULL AUTO_INCREMENT,
  `no_of_life` int(11) DEFAULT NULL,
  `points_won` int(11) DEFAULT '0',
  `game_instance_id` bigint(20) NOT NULL,
  `user_id` bigint(20) NOT NULL,
  PRIMARY KEY (`id`),
  KEY `FKC53E9AE12DB871E2` (`user_id`),
  KEY `FKC53E9AE12077BB8B` (`game_instance_id`),
  CONSTRAINT `FKC53E9AE12077BB8B` FOREIGN KEY (`game_instance_id`) REFERENCES `game_instance` (`id`),
  CONSTRAINT `FKC53E9AE12DB871E2` FOREIGN KEY (`user_id`) REFERENCES `user` (`id`)
) ENGINE=InnoDB DEFAULT CHARSET=latin1;

--
-- Dumping data for table `player`
--

/*!40000 ALTER TABLE `player` DISABLE KEYS */;
/*!40000 ALTER TABLE `player` ENABLE KEYS */;


--
-- Definition of table `player_response_log`
--

DROP TABLE IF EXISTS `player_response_log`;
CREATE TABLE `player_response_log` (
  `id` bigint(20) NOT NULL AUTO_INCREMENT,
  `no_of_players_beaten` int(11) DEFAULT '0',
  `points_earned` int(11) DEFAULT '0',
  `question_id` int(11) DEFAULT '1',
  `is_question_winner` tinyint(1) DEFAULT '0',
  `rank` int(11) DEFAULT NULL,
  `is_response_correct` tinyint(1) DEFAULT '0',
  `time_at_which_player_responded` bigint(20) DEFAULT NULL,
  `time_taken_to_answer` bigint(20) DEFAULT NULL,
  `previous_question_log_id` bigint(20) NOT NULL,
  `response_option_id` bigint(20) DEFAULT NULL,
  `user_id` bigint(20) NOT NULL,
  PRIMARY KEY (`id`),
  KEY `FKF72722E4B4EBAD02` (`previous_question_log_id`),
  KEY `FKF72722E42DB871E2` (`user_id`),
  KEY `FKF72722E4370AC924` (`response_option_id`),
  CONSTRAINT `FKF72722E42DB871E2` FOREIGN KEY (`user_id`) REFERENCES `user` (`id`),
  CONSTRAINT `FKF72722E4370AC924` FOREIGN KEY (`response_option_id`) REFERENCES `question_option` (`id`),
  CONSTRAINT `FKF72722E4B4EBAD02` FOREIGN KEY (`previous_question_log_id`) REFERENCES `previous_question_log` (`id`)
) ENGINE=InnoDB DEFAULT CHARSET=latin1;

--
-- Dumping data for table `player_response_log`
--

/*!40000 ALTER TABLE `player_response_log` DISABLE KEYS */;
/*!40000 ALTER TABLE `player_response_log` ENABLE KEYS */;


--
-- Definition of table `previous_question_log`
--

DROP TABLE IF EXISTS `previous_question_log`;
CREATE TABLE `previous_question_log` (
  `id` bigint(20) NOT NULL AUTO_INCREMENT,
  `best_time` varchar(255) DEFAULT NULL,
  `no_of_players_beaten` int(11) DEFAULT '0',
  `question_id` bigint(20) DEFAULT NULL,
  `game_instance_id` bigint(20) NOT NULL,
  `winner_user_id` bigint(20) DEFAULT NULL,
  PRIMARY KEY (`id`),
  KEY `FK4CAA23B33C2B69E2` (`winner_user_id`),
  KEY `FK4CAA23B32077BB8B` (`game_instance_id`),
  KEY `FK4CAA23B3F5A77402` (`question_id`),
  KEY `FK4CAA23B3D229F6CD` (`question_id`),
  CONSTRAINT `FK4CAA23B32077BB8B` FOREIGN KEY (`game_instance_id`) REFERENCES `game_instance` (`id`),
  CONSTRAINT `FK4CAA23B33C2B69E2` FOREIGN KEY (`winner_user_id`) REFERENCES `user` (`id`),
  CONSTRAINT `FK4CAA23B3D229F6CD` FOREIGN KEY (`question_id`) REFERENCES `answer_key` (`question_id`),
  CONSTRAINT `FK4CAA23B3F5A77402` FOREIGN KEY (`question_id`) REFERENCES `question` (`id`)
) ENGINE=InnoDB DEFAULT CHARSET=latin1;

--
-- Dumping data for table `previous_question_log`
--

/*!40000 ALTER TABLE `previous_question_log` DISABLE KEYS */;
/*!40000 ALTER TABLE `previous_question_log` ENABLE KEYS */;


--
-- Definition of table `question`
--

DROP TABLE IF EXISTS `question`;
CREATE TABLE `question` (
  `id` bigint(20) NOT NULL AUTO_INCREMENT,
  `difficulty_level` tinyint(4) DEFAULT NULL,
  `image_url` varchar(255) DEFAULT NULL,
  `question_text` mediumtext,
  `state` varchar(20) NOT NULL DEFAULT 'INACTIVE',
  `topic_id` bigint(20) NOT NULL,
  `max_time_to_answer_in_seconds` int(11) DEFAULT '80',
  `question_frequency` int(11) DEFAULT '0',
  PRIMARY KEY (`id`),
  KEY `FKBE5CA00661BC4676` (`topic_id`),
  CONSTRAINT `FKBE5CA00661BC4676` FOREIGN KEY (`topic_id`) REFERENCES `topic` (`id`)
) ENGINE=InnoDB AUTO_INCREMENT=657 DEFAULT CHARSET=latin1;

--
-- Dumping data for table `question`
--

/*!40000 ALTER TABLE `question` DISABLE KEYS */;
INSERT INTO `question` (`id`,`difficulty_level`,`image_url`,`question_text`,`state`,`topic_id`,`max_time_to_answer_in_seconds`,`question_frequency`) VALUES 
 (181,1,'','Arrange the given numbers in ascending order\n-2.35, -5.67, -5.68, 1.1, 1.114, 3.5','ACTIVE',1,30,0),
 (182,1,'','The rounded off value of 12.45 to the nearest whole number is','ACTIVE',1,10,0),
 (183,1,'','The rounded off value of 18.354 to one decimal place is','ACTIVE',1,10,0),
 (184,1,'','The rounded off value of 2.889 to the nearest once place decimal is','ACTIVE',1,10,0),
 (185,1,'','2.07080 has five significant digits','ACTIVE',1,10,0),
 (186,1,'','0.0034 has four significant figits','ACTIVE',1,10,0),
 (187,1,'','0.003400 has 4 significant digits','ACTIVE',1,10,0),
 (188,1,'','The rounded off value of 25.935 to 3 significant digits is','ACTIVE',1,15,0),
 (189,1,'','The rounded off value of 18.406 to 4 significant digits is','ACTIVE',1,10,0),
 (190,1,'','The rounded off value of 0.00835 to 1 significant digit is','ACTIVE',1,10,0),
 (191,1,'','6.5 + 2.63 + 4.5 - 1.63 = ?','ACTIVE',1,10,0),
 (192,1,'','3 kg of sugar costs Rs 66.6. What is the cost of 5 kg?','ACTIVE',1,20,0),
 (193,1,'','What is 0.357 x 100','ACTIVE',1,10,0),
 (194,1,'','4/5 when converted to a decimal number is','ACTIVE',1,20,0),
 (195,1,'','6.34 is larger than 6.43','ACTIVE',1,5,0),
 (196,1,'','4.57 when divided by 1000 is','ACTIVE',1,10,0),
 (197,1,'','The rounded off value of 42.0256 to 2 decimal places is','ACTIVE',1,5,0),
 (198,1,'','0.72 when expressed as a fraction is','ACTIVE',1,10,0),
 (199,1,'','A ratio is a number, it has no unit. True or False?','REVIEW_PENDING',2,20,0),
 (200,1,'','What is the Ratio of Rs 2 and 75p? (Answer in a:b format)','REVIEW_PENDING',2,30,0),
 (201,1,'','Express the ratio 35:49 in its simplest form. (Answer in format a:b)','REVIEW_PENDING',2,20,0),
 (202,1,'','Express the ratio is the simplest form 2\\frac{1}{4}:7\\frac{2}{5}. (Answer in a:b format)','REVIEW_PENDING',2,30,0),
 (203,1,'','Express\\hspace{0.1cm}\\[5\\frac{4}{7}:2\\frac{5}{6}\\]\\hspace{0.1cm}in\\hspace{0.1cm}its\\hspace{0.1cm}simplest\\hspace{0.1cm}form.\\hspace{0.1cm}(Answer\\hspace{0.1cm}in\\hspace{0.1cm}a:b\\hspace{0.1cm}format)','REVIEW_PENDING',2,30,0),
 (204,1,'','Express\\hspace{0.1cm}\\[\\frac{1}{3}:2\\frac{5}{6}\\]\\hspace{0.1cm}in\\hspace{0.1cm}its\\hspace{0.1cm}simplest\\hspace{0.1cm}form.\\hspace{0.1cm}(Answer\\hspace{0.1cm}in\\hspace{0.1cm}a:b\\hspace{0.1cm}format)','REVIEW_PENDING',2,25,0),
 (205,1,'','Express\\hspace{0.1cm}\\[1\\frac{1}{9}:\\frac{2}{5}\\]\\hspace{0.1cm}in\\hspace{0.1cm}its\\hspace{0.1cm}simplest\\hspace{0.1cm}form.\\hspace{0.1cm}(Answer\\hspace{0.1cm}in\\hspace{0.1cm}a:b\\hspace{0.1cm}format)','REVIEW_PENDING',2,25,0),
 (206,1,'','Express\\hspace{0.1cm}\\[\\sqrt{\\frac{10}{9}}:\\sqrt{\\frac{2}{5}}\\]\\hspace{0.1cm}in\\hspace{0.1cm}its\\hspace{0.1cm}simplest\\hspace{0.1cm}form.\\hspace{0.1cm}(Answer\\hspace{0.1cm}in\\hspace{0.1cm}a:b\\hspace{0.1cm}format)','REVIEW_PENDING',2,35,0),
 (207,1,'','Arrange the given ratios in descending order. 4:7, 3:7','REVIEW_PENDING',2,15,0),
 (208,1,'','Arrange the given ratios in descending order. 5:8, 5:11','REVIEW_PENDING',2,20,0),
 (209,1,'','Arrange the given ratios in descending order 3:4, 2:5, 7:8','REVIEW_PENDING',2,30,0),
 (210,1,'','Arrange the given ratios in descending order; 3:5, 4:7','REVIEW_PENDING',2,25,0),
 (211,1,'','Select the incorrect statement from the following.','REVIEW_PENDING',2,45,0),
 (212,1,'','If a:b=4:7 and b:c 7:8 then a:b:c=?','REVIEW_PENDING',2,15,0),
 (213,1,'','Divide 5.5kg of sweets in a ratio of 5:6 between Rohan and Roshan. How much does Rohan get in Kg? (Enter only value, without unit)','REVIEW_PENDING',2,30,0),
 (214,1,'','0.0625 of 29/25 when expressed as a vulgar fraction equals','ACTIVE',1,120,0),
 (215,1,'','The value of \\[\\frac{3.157\\times\\hspace{0.1cm}4126\\times3.198}{63.972\\times2835.121}\\] is cloest to','ACTIVE',1,60,0),
 (216,1,'','54.327 x 357.2 x 0.0057','ACTIVE',1,30,0),
 (217,1,'','3 x 0.3 x 0.03 x 0.003 x 30 = ?','ACTIVE',1,60,0),
 (218,1,'','The value of \\[.0396\\div2.51=?\\] correct to two decimal places is ','ACTIVE',1,60,0),
 (219,1,'','The least among the following is','ACTIVE',1,30,0),
 (220,1,'','\\[\\frac{547.527}{0.0082}=\\hspace{0.1cm}x,then\\hspace{0.1cm}the\\hspace{0.1cm} value\\hspace{0.1cm} of \\frac{547527}{82}\\hspace{0.1cm}\\hspace{0.1cm}is\\]','ACTIVE',1,60,0),
 (221,1,'','When 52416 is divided by 312, the quotient is 168. What will be the quotient when 52416 is divided by 16.8','ACTIVE',1,60,0),
 (222,1,'','The rational number for the decimal 0.125125... is:','ACTIVE',1,60,0),
 (223,1,'','The H.C.F of 1.5,0.1,0.25 is ?','ACTIVE',1,120,0),
 (224,1,'','The L.C.M of 1.5,0.1,0.25 is','ACTIVE',1,120,0),
 (225,1,'','The H.C.F of 0.64,2.16, 7.2,4.8 is','ACTIVE',1,120,0),
 (226,1,'','The L.C.M of 0.64.2.16,7.2,4.8 is','ACTIVE',1,120,0),
 (227,1,'','The H.C.F of 0.18,0.27,8.1,0.9 is','ACTIVE',1,120,0),
 (228,1,'','The L.C.M of 0.18,0.27,8.1,0.9 is','ACTIVE',1,120,0),
 (229,1,'','Radha takes 3 hours in walking distance for 18 km, how much distance would she cover in 5 hours?','REVIEW_PENDING',2,60,0),
 (230,1,'','What is 15% of 1500 ?','ACTIVE',3,45,0),
 (231,1,'','\\[\\frac{4.3\\times4.3-2\\times4.3\\times2.8+2.8\\times2.8}{7.6\\times7.6+2\\times7.6\\times2.4+2.4\\times2.4}\\]','ACTIVE',1,120,0),
 (232,1,'','\\[\\frac{11.9\\times11.9-6.9\\times6.9}{11.9-6.9}\\]','ACTIVE',1,120,0),
 (233,1,'','\\[\\frac{6.2\\times6.2-3.8\\times3.8}{6.2-3.8}\\]','ACTIVE',1,60,0),
 (234,1,'','\\[\\frac{11.4\\times11.4-3.6\\times3.6}{11.4\\times11.4+2\\times11.4\\times3.6+3.6\\times3.6}\\]','ACTIVE',1,120,0),
 (235,1,'','What is 12 % 450','ACTIVE',3,50,0),
 (236,1,'','\\[0.81\\div0.3\\hspace{0.3cm}of\\hspace{0.3cm}3+4.5-0.36\\div0.04\\]','ACTIVE',1,120,0),
 (237,1,'','\\[40.8\\div2.5\\hspace{0.2cm}of\\hspace{0.2cm}1.5-8.19\\div0.3\\]','ACTIVE',1,120,0),
 (238,1,'','What percent is 10 of 50 ?','ACTIVE',3,45,0),
 (239,1,'','\\[6.4\\div8+1.6\\hspace{0.2cm}of\\hspace{0.2cm}5-2.4\\div0.4\\]','ACTIVE',1,120,0),
 (240,2,'','Pratap paid 20% of his salary as income tax. If he is left with Rs.8400 after paying the tax, find his salary. ','ACTIVE',3,150,0),
 (241,1,'','\\[12.5-3.5\\div7\\times1.5-1.2\\hspace{0.2cm}of\\hspace{0.2cm}0.3\\]','ACTIVE',1,120,0),
 (242,1,'','\\[107.52\\div24=\\]','ACTIVE',1,120,0),
 (243,1,'','\\[609.96\\div2.6=\\]','ACTIVE',1,120,0),
 (244,1,'','\\[.11436\\div0.012\\]','ACTIVE',1,120,0),
 (245,1,'','\\[11.56\\div2.72\\]','ACTIVE',1,120,0),
 (246,1,'','\\[37.44\\div3.12\\]','ACTIVE',1,120,0),
 (247,1,'','\\[.76\\times0.38\\]','ACTIVE',1,120,0),
 (248,1,'','0.008 x 10','ACTIVE',1,30,0),
 (249,1,'','0.00028 x 1000','ACTIVE',1,30,0),
 (250,1,'','\\[0.00489\\div0.027\\hspace{0.1cm}=\\hspace{0.1cm}?\\]','ACTIVE',1,120,0),
 (251,2,'','A school Garden has 500 plants. Out of these 10% are roses. 5% are lilies and 2% are Guava trees.\nWhat is the total number of other plants in the school garden ?','ACTIVE',3,90,0),
 (252,2,'','A medicine contains 6% benzoic acid. 36% salicylic acid and the rest methanol. Find the volume of methanol in 500 ml medicine. ','ACTIVE',3,100,0),
 (253,2,'','Out of her total income, Poonam spends 25% on house rent and 60% of the rest on house hold expenses. \nIf she saves Rs 2100, what is her total income ?','ACTIVE',3,150,0),
 (254,2,'','A packet of sweets costs Rs 55. This is 10% more than its cost in previous year. \nWhat was the cost of this packet of sweets in previous year ? ','ACTIVE',3,75,0),
 (255,1,'','What is 120% of 2500 ?','ACTIVE',3,60,0),
 (256,3,'','Karishma\'s income is 20% less than that of Pooja. \nHow much percent is Pooja\'s income more than that of Karishma\'s ? ','ACTIVE',3,120,0),
 (257,1,'','If x : y = 1 : 2, find the value of (2x + 3y) : (x + 4y)  (Answer in format a:b)','ACTIVE',2,60,0),
 (258,2,'','A fruit seller had some apples. He sells 40% apples and still has 420 apples. Originally, he had?','ACTIVE',3,75,0),
 (259,3,'','Two students appeared at an examination. One of them secured 9 marks more than the other and his marks was 56% of the sum of their marks. The marks obtained by them are?','ACTIVE',3,200,0),
 (260,3,'','The population of a town increased from 1,75,000 to 2,62,500 in a decade. The average percent increase of population per year is:','ACTIVE',3,150,0),
 (261,2,'','At the craft store, Adam bought a bag of yellow and orange marbles. The bag contained 60 marbles, and 60% of them were yellow. How many yellow marbles did Adam receive?','ACTIVE',3,150,0),
 (262,2,'','How do you express 10% of a no. in fraction? Choose the best option. ','ACTIVE',3,60,0),
 (263,3,'','Which is the most accurate way to estimate 48% of 35?','ACTIVE',3,90,0),
 (264,1,'','How do you write 1/4 as percentage?\n','ACTIVE',3,45,0),
 (265,1,'','Write 0.5 as percentage?','ACTIVE',3,45,0),
 (266,1,'','Rs 4 is what percentage of Rs 80 ?','ACTIVE',3,60,0),
 (267,1,'','x% of 20 = 12 . Find the value of x ?','ACTIVE',3,60,0),
 (268,1,'','A team of scientists surveyed the trees in a national forest. Out of the 100 trees they counted, 90 were evergreen. What percentage of the trees were evergreen?\n','ACTIVE',3,60,0),
 (269,2,'','Tori ordered a set of beads. She received 85 beads in all. 68 of the beads were yellow. What percentage of the beads were yellow?','ACTIVE',3,90,0),
 (270,2,'','The art club had an election to select a president. 39 out of the 52 members of the art club voted in the election. What percentage of the members not voted?','ACTIVE',3,120,0),
 (271,1,'','50% of 6 = __________? ','ACTIVE',3,30,0),
 (272,3,'','Tony brought chocolate and vanilla cupcakes to school for his birthday. Some students took cupcakes and others took chocolates. 80% of them picked vanilla and 13 students took chocolates. How many students were there orignally?','ACTIVE',3,150,0),
 (273,2,'','Tony brought chocolate and vanilla ice creams to school for his birthday. 65 students decided to take a ice creams, and 80% of them picked vanilla. How many people picked a vanilla ice creams?','ACTIVE',3,100,0),
 (274,1,'','Which is less?\na) 175% of 236\nb) 50% of 900','ACTIVE',3,90,0),
 (275,2,'','The last time it placed an order for ingredients, Sweet Treats Bakery ordered 7,280 kilograms of sugar. This time, the bakery is ordering 80% more sugar. How much sugar is that?','ACTIVE',3,120,0),
 (276,3,'','Hnahthial Theatre sold 3,900 tickets to Shakespearean plays last season. This season, the theatre sold 83% fewer tickets to Shakespearean plays. How many such tickets did the theatre sell this season?','ACTIVE',3,150,0),
 (277,1,'','What is the percent of change from 4 to 2?','ACTIVE',3,45,0),
 (278,1,'','vie, a professional golfer, had an average score of 75 points last season. This season, however, her average score has been 12% lower. What is Evie\'s current average score in points?','ACTIVE',3,75,0),
 (279,2,'','If 20% of a = b, then b% of 20 is the same as:','ACTIVE',3,150,0),
 (280,3,'','Rinki\'s weight is 30% that of Meenu\'s weight and 45% that of Cheenu\'s. What is % of Cheenu\'s weight is Meenu\'s weight?','ACTIVE',3,180,0),
 (281,1,'','A mixture of milk and water contains 8 parts of milk and 2 parts of water. What is the % of milk and water in the mixture?','ACTIVE',3,45,0),
 (282,2,'','Manu requires 40% to pass. If he gets 190 marks and falls short by 10 marks , what were the maximum marks?','ACTIVE',3,90,0),
 (283,2,'','The value of a washing machine depreciates every year by 12% . What will be its value after 2 years, if its present value 60,000 rupees?','ACTIVE',3,120,0),
 (284,1,'','115% of 600 is :','ACTIVE',3,45,0),
 (285,1,'','If class consists of 305 girls , the percentage of boys is :','ACTIVE',3,90,0),
 (286,2,'','The duty on goods worth 6,200 rupees at 2.5% is :','ACTIVE',3,120,0),
 (287,1,'','The ratio 6:25 is equal to :','ACTIVE',3,90,0),
 (288,2,'','The population of a city increases 20% annually. If the present population is 24,600, find the population a year ago?','ACTIVE',3,90,0),
 (289,2,'','Ranu\'s salary is increased by 15% and decreased by 10% . Find the % change in her salary ?','ACTIVE',3,90,0),
 (290,2,'','Find the percentage of pure gold in 18 carat gold , if 24 carat is hundred percent pure gold?','ACTIVE',3,120,0),
 (291,2,'','The price of sugar has been increased by 25%. By how much percent must this new price be decreased to retain its former price?','ACTIVE',3,120,0),
 (292,1,'','Half of 1 percent written as decimal is?','ACTIVE',3,90,0),
 (293,2,'','Evaluate 28% of 450 + 45% of 280?','ACTIVE',3,150,0),
 (294,1,'','Conversion of 0.33 in % is ?','ACTIVE',3,90,0),
 (295,3,'','Two numbers are less than third number by 30% and 37% respectively. How much percent is the second number less than by the first?','ACTIVE',3,200,0),
 (296,3,'','Due to an increase in 30% in the price of eggs, 3 eggs less are available for Rs. 7.80. Find the present rate of eggs per dozen.','ACTIVE',3,180,0),
 (297,2,'','In an examination, 34% of the students failed in mathematics and 42% failed in English. If 20% of the students failed in both the subjects, then find the percentage of students who passed in both the subjects?','ACTIVE',3,60,0),
 (298,2,'','Out of 450 students of a school, 325 play football, 175 play cricket and 50 neither play football nor cricket. How many students play both football and cricket ?','ACTIVE',3,150,0),
 (299,2,'','In a hotel, 60% had vegetarian lunch while 30% had non-vegetarian lunch and 15% had both type of lunch. If 96 people were present, how many did not eat either type of lunch ?','ACTIVE',3,180,0),
 (300,2,'','How many litres of pure acid are there in 8 litres of a 20% solution?','ACTIVE',3,120,0),
 (301,3,'','A student multiplied a number by 3/5 instead of 5/3. What is the percentage error?','ACTIVE',3,180,0),
 (302,2,'','If x% of y is 100 and y% of z is 200, then find the relation between x and z.','ACTIVE',3,150,0),
 (303,2,'',' Two students appeared at an examination. One of them secured 9 marks more than the other and his marks was 56% of the sum of their marks. The marks obtained by them are:','ACTIVE',3,120,0),
 (304,2,'','One fourth of one third of two fifth of a number is 15. What will be40% of that number?','ACTIVE',3,150,0),
 (305,2,'','10% of inhabitants of a village having died of cholera, a panic set in, during which 25% of the remaining inhabitants let the village. The population is then reduced to 4050. Find the original inhabitants?','ACTIVE',3,120,0),
 (306,1,'','What is the percent of change from 4,000 to 5,000?','ACTIVE',3,90,0),
 (307,1,'','What is the percent of change from 50 to 19?','ACTIVE',3,120,0),
 (308,1,'','What is the percent of change from 4 to 6?','ACTIVE',3,75,0),
 (309,1,'','What is the percent of change from 20 to 5?','ACTIVE',3,75,0),
 (310,1,'','What is the percent of change from 40 to 48?','ACTIVE',3,60,0),
 (311,1,'','A decade ago, the average class size at Adalaj Secondary School was 24 students. Now it is 25% smaller. \nWhat is the average class size currently?','ACTIVE',3,90,0),
 (312,1,'','Last month, a carpenter made 4 tables. This month, she made 2 tables. \nWhat is the percent change in the number of tables made?','ACTIVE',3,90,0),
 (313,1,'','Mary loves to compete in triathlons. At a race a few months ago, she finished in 4 Hrs 20 minutes. Yesterday, she completed another triathlon and finished in 3 Hrs 41 minutes. What was the percent of decrease in Mary\'s finishing time?','ACTIVE',3,150,0),
 (314,1,'','A beauty magazine had 4,170 subscribers last year. This year, after its parent company made some changes, the magazine had 50% fewer subscribers. How many subscribers were there this year?','ACTIVE',3,75,0),
 (315,2,'','An inspector rejects 0.08% of the meters as defective, How many meters he examine to reject 2 meteres?','ACTIVE',3,120,0),
 (316,2,'',' If sales tax is reduced from 5% to 4%, then what difference it will make if you purchase an item of Rs. 1000?','ACTIVE',3,90,0),
 (317,3,'','In expressing a length of 81.472 km as nearly as possible with the three significant digits, find the percentage error?','ACTIVE',3,120,0),
 (318,3,'',' In an election between two candidates, 75 % of the voters cast their votes, out of which 2% of the votes were declared invalid. A candidate got 9261 votes which were 75% of the total valid votes. Find the total number of votes.','ACTIVE',3,240,0),
 (319,2,'','A batsman scored 120 runs which included 3 boundaries and 8 sixes. What percent of his total score did he make by running between the wickets?','ACTIVE',3,90,0),
 (320,2,'','Three candidates contested an election and received 1136, 7636 and 11628 votes respectively. What percentage of the total votes did the winning candidate got?','ACTIVE',3,180,0),
 (321,1,'','40% of the tickets sold at a funfair were discount tickets. If the park sold 65 tickets in all, how many discount tickets did it sell? ','ACTIVE',3,75,0),
 (322,2,'','One fourth of one third of two fifth of a number is 15. What will be 60% of that number?','ACTIVE',3,120,0),
 (323,3,'','Rahul\'s Mathematics test had 75 problems, 10 arithmetic, 30 algebra, 35 geometry problems. Although he answered 70% of arithmetic, 40% of arithmetic and 60% of geometry problems correctly, still he got less than 60% problems right. How many more questions he would have to answer more to get passed?','ACTIVE',3,150,0),
 (324,1,'','What is 100% of Rs 24?\n','ACTIVE',3,40,0),
 (325,3,'','A manufacturer sells three products i.e. A, B and C. Product A costs 200 and sells for 230, Product B costs 150 and sells for 180, Product C costs 100 and sells for 110. On which product, he has maximum percentage of profit?','ACTIVE',3,150,0),
 (326,1,'','The students in Cindy\'s grade voted to select a guest speaker. \n21 students voted for a famous athlete.  If there are 42 students in Cindy\'s grade, what percentage of the students voted for the athlete?','ACTIVE',3,60,0),
 (327,2,'','88% of 370 + 24% of 210 - x = 118. Find x?','ACTIVE',3,120,0),
 (328,2,'','A baseball team won 30 games from the total matches they played. This was 60% of the total matches. Find the total number of matches played by them.','ACTIVE',3,75,0),
 (329,2,'','Preeti requires 40% of total marks to pass. If she got 175 marks and she falls short by 25 marks, then find the maximum marks of the exam that she appeared.','ACTIVE',3,120,0),
 (330,2,'','If 17% of a number is 68, then find the number.','ACTIVE',3,90,0),
 (331,2,'','A hockey team won 20 games from the total they played. This was 50% of the total.How many games were played in all?','ACTIVE',3,90,0),
 (332,2,'','A certain company has 240 employees who are engineers. In this company engineers constitute 40% of its work force. How many people are employed in the company?','ACTIVE',3,90,0),
 (333,2,'','Manisha went to school for 320 days in a full year. If her attendance is 80% , find the number of days on which the school was opened.','ACTIVE',3,120,0),
 (334,2,'','Find 1% of 1 Hour ','ACTIVE',3,90,0),
 (335,2,'','Find 75% of 1 Kg.','ACTIVE',3,90,0),
 (336,2,'','In a city 30% are females, 40% are males and rest are children. What percentage are children.','ACTIVE',3,60,0),
 (337,2,'','What is the number when 300 is decreased by 24%','ACTIVE',3,90,0),
 (338,2,'','The price of a scooter was Rs 34,000 last year. It has increased by 25% this year. Then the increase in price is Rs.______?','ACTIVE',3,90,0),
 (339,2,'','A man saves Rs 3,000 per month from his total salary of Rs 20,000. The percentage of his savings is_______?','ACTIVE',3,120,0),
 (340,1,'','25% of a journey covers 5,000 km. How long is the whole journey ( in Kms )?','ACTIVE',3,90,0),
 (341,2,'','60% of the total time is 30 minutes. Find the total time ( in mins. ) ? ','ACTIVE',3,90,0),
 (342,1,'','25% of the total mangoes which are rotten is 1,250.  Find the number of good mangoes?','ACTIVE',3,90,0),
 (343,2,'',' What percent is 54 paise of 2 rupees 70 paise?','ACTIVE',3,120,0),
 (344,1,'','The marked price of a toy is Rs. 1,200. The shop keeper gave a discount of 15%. What is the selling price of the toy?','ACTIVE',3,120,0),
 (345,1,'','0.53 rounded off to the nearest whole number is','ACTIVE',1,20,0),
 (346,1,'','7.193 correct to 2 significant digits is ?','ACTIVE',1,30,0),
 (347,1,'','0.00835 correct to 1 significant digit is?','ACTIVE',1,20,0),
 (348,1,'','19.406 correct to 4 significant digits is','ACTIVE',1,30,0),
 (349,1,'','87.935 correct to 3 significant digits is ?','ACTIVE',1,20,0),
 (350,1,'','Without rounding off, 82.03 x 8 = ','ACTIVE',1,30,0),
 (351,1,'','Without rounding off 48.35 x 0.027 = ?','ACTIVE',1,30,0),
 (352,1,'','Without rounding off \\[39.95\\div17=\\]','ACTIVE',1,30,0),
 (353,1,'','\\[0.12052\\div23=\\]','ACTIVE',1,30,0),
 (354,1,'','Without rounding off \\[16.416\\div3.6=?\\]','ACTIVE',1,120,0),
 (355,1,'','Without rounding off \\[11.385\\div0.45=?\\]','ACTIVE',1,120,0),
 (356,1,'','\\[4.8+5.6\\div1.4-1.2\\times0.2+3.6\\div0.6\\hspace{0.2cm}of\\hspace{0.2cm}2=?\\]','ACTIVE',1,120,0),
 (357,1,'','\\[\\frac{9.7^{2}\\hspace{0.1cm}-\\hspace{0.1cm}8.2^{2}}{9.7+8.2}=?\\]','ACTIVE',1,120,0),
 (358,1,'','\\[\\frac{4.69^{2}-2.34^{2}}{4.69\\times4.69-2\\times4.69\\times2.34+2.34\\times2.34}=?\\]','ACTIVE',1,120,0),
 (359,1,'','The value of \\[\\frac{3}{8}=?\\]','ACTIVE',1,60,0),
 (360,1,'','the approcimate value of \\[\\frac{2}{11}=?\\]','ACTIVE',1,120,0),
 (361,1,'','The fraction form of 5.84 is ?','ACTIVE',1,120,0),
 (362,1,'','The fraction form of 7.6385 is','ACTIVE',1,120,0),
 (363,1,'','The fraction form of 4.00076 is ?','ACTIVE',1,120,0),
 (364,1,'','The fraction form of 19.000048','ACTIVE',1,120,0),
 (365,1,'','The fraction form of 5.032 is ?','ACTIVE',1,120,0),
 (366,1,'','The H.C.F of 3.6,0.24,1.2 is ?','ACTIVE',1,120,0),
 (367,1,'','The L.C.M of 3.6,0.24 and 1.2 is ? (only up to one decimal place)','ACTIVE',1,120,0),
 (368,1,'','Write the fraction \'Pi\' or 22/7 in decimal form rounded up to five decimal places','ACTIVE',1,60,0),
 (369,1,'','0.62 in a fraction form is','ACTIVE',1,120,0),
 (370,1,'','0.25 in fraction form is','ACTIVE',1,30,0),
 (371,1,'','66% as a fraction in the simplest reducible form is','ACTIVE',1,30,0),
 (372,1,'','\\[\\frac{18}{20}\\] in decimal form is','ACTIVE',1,20,0),
 (373,1,'','Which one of these fractions is a repeating decimal ','ACTIVE',1,30,0),
 (374,1,'','Whcih one of these fractions is a non repeating decimal','ACTIVE',1,30,0),
 (375,1,'','Arrange from greatest to least \\[\\frac{14}{40}\\],\\[\\frac{13}{20}\\],\\[\\frac{24}{25}\\],\\[\\frac{-1}{2}\\]','ACTIVE',1,60,0),
 (376,1,'','Put these in order from least to greatest \\[\\frac{-1}{2}\\],\\[\\frac{-1}{8}\\],\\[\\frac{2}{3}\\]','ACTIVE',1,60,0),
 (377,1,'','\\[\\frac{-7}{100}\\] in decimal form is','ACTIVE',1,30,0),
 (378,1,'','\\[\\frac{76}{200}\\] in decimal form is','ACTIVE',1,30,0),
 (379,1,'','-0.04 x -0.32 x -4.5 = ?','ACTIVE',1,60,0),
 (380,1,'','4.312 x 3.185 x -0.1 = ?','ACTIVE',1,180,0),
 (381,1,'','In decimal form the fraction -19/20 is','ACTIVE',1,60,0),
 (382,1,'','10 kg of wheat costs Rs 65. Find the cost of 55 kg of wheat','ACTIVE',1,60,0),
 (383,1,'','0.26 as a fraction in simplest reducible form is','ACTIVE',1,60,0),
 (384,1,'','9.15 expressed as a simple fraction in the most reducible form is','ACTIVE',1,60,0),
 (385,1,'','1.25 when expressed as a fraction is','ACTIVE',1,60,0),
 (386,1,'','8.5 when expressed as a simple fraction is','ACTIVE',1,60,0),
 (387,1,'','\\[\\frac{13}{50}\\] when expressed in decimal form is ','ACTIVE',1,60,0),
 (388,1,'','\\[\\frac{23}{50}\\]\\ when expressed in decimal form is ','ACTIVE',1,30,0),
 (389,1,'','\\[\\frac{93}{50}\\] when expressed in decimal form is','ACTIVE',1,60,0),
 (390,1,'','\\[\\frac{13}{30}\\] when rounded off to three decimal places is','ACTIVE',1,60,0),
 (391,1,'','\\[\\frac{13}{60}\\]\\when expressed in decimal form is','ACTIVE',1,60,0),
 (392,1,'','2 x 0.2 x 0.02 x 0.002 x 20 = ?','ACTIVE',1,60,0),
 (393,1,'','which one of these is from least to greatest','ACTIVE',1,60,0),
 (394,1,'','Which one of these is a recurring decimal','ACTIVE',1,60,0),
 (395,1,'','James bought a football for Rs 1500. He realized he hated football but loved business. So he sold it to his friend for Rs 2000. What percentage profit did he make','ACTIVE',4,60,0),
 (396,1,'','Ashley\'s dad bought her a bicycle for Rs 720. Since Ashley couldn\'t ride the bicyle anymore he had to sell it for Rs 698.40. Find the percentage loss','ACTIVE',4,60,0),
 (397,1,'','The Cost Price of 10 drones is equal to the Selling Price of 12 drones. What is the gain or loss percentage?','ACTIVE',4,120,0),
 (398,1,'','If Jacob sells a pen for Rs 400 gaining 1/4 of its Cost Price, find the gain percentage','ACTIVE',4,60,0),
 (399,1,'','12 bananas were bought for Rs 10 and then those 10 bananas sold for Rs 12. What is the gain or loss percentage?','ACTIVE',4,60,0),
 (400,1,'','Chocolates are bought at the rate of 7 for Rs 1 and then sold at the rate of 5 for Rs 1. Find the gain or loss percent','ACTIVE',4,60,0),
 (401,1,'','Find the buying price of an article which was sold at a loss of 25% for Rs 150','ACTIVE',4,60,0),
 (402,1,'','Buy selling a microwave oven for Rs 11,400, Jason looses 5%. For how much should he sell the machine to gain 5%?','ACTIVE',4,120,0),
 (403,1,'','A man sold two articles for Rs 2970 each, gaining 10% on one and losing 10% on the other. Find the gain (or) loss percent on the whole transaction','ACTIVE',4,120,0),
 (404,1,'','By selling 100 christmas cards, dalal gains the selling price of 40 cards. Find his gain percent','ACTIVE',4,120,0),
 (405,1,'','Rakesh sells an article to Dinesh at a gain of 20% and then Dinesh sellsit to Suresh at a gain of 10%. This continues. Suresh sells it to Paresh at a gain of 12.5%. If Paresh paid Rs 14850, find the original cost price of Rakesh','ACTIVE',4,120,0),
 (406,1,'','A dinner set is sold at a gain of 16%. Had it been sold for Rs 200 more then the gain would have been 20%. Find the cost price of the dinner set','ACTIVE',4,120,0),
 (407,1,'','Rashid bought 100 hens for Rs 8000 and sold 20 of these at a gain of 5%. At what gain percent must he sell the remaining hens so as to gain 20% on the whole deal','ACTIVE',4,120,0),
 (408,1,'','SOme chocolates are bought at the rate of 11 for Rs 10 and the same number of chocolates at the rate of 9 for Rs 10. If the whole lot is then sold at one Rs per chocolate, find the gain or loss percent in the whole transaction ','ACTIVE',4,60,0),
 (409,1,'','Rakhi bought 16 dozen eggs and sold them at a loss equal to the selling price of 8 eggs. Find:\n1) her loss percent\n2) Selling Price of 1 dozen eggs, if she purchased these 16 dozen eggs for Rs 576','ACTIVE',4,180,0),
 (410,1,'','Bhawna bought two fans for Rs 3605. She sold one at a profit of 15% and the other at a loss of 9%. If Bhawna obtained the same amount for each fan, find the cost price of each fan','ACTIVE',4,180,0),
 (411,1,'','The cost price of 25 objects is equal to the selling price of 20 objects of the same kind. Find the gain percent','ACTIVE',4,60,0),
 (412,1,'','By selling 100 pears a fruit seller gains the selling price of 20 pears. Find his gain percent','ACTIVE',4,60,0),
 (413,1,'','Books are bought at 12 for a rupee and sold at 9 for a rupee. FInd the gain percent','ACTIVE',4,60,0),
 (414,1,'','A seller sold two pairs of jeans for Rs 720 each, gaining 20% on one and losing 20% on the other. Find the gain or loss percentage','ACTIVE',4,60,0),
 (415,1,'','Dean sold his motorcycle to Nathan at a loss of 28%. Nathan spent Rs 1680 on its repairs and sold the motorcycle to Shawn for Rs 35,910 thereby making a profit of 12.5%. FInd the cost of the motorcycle for Dean','ACTIVE',4,120,0),
 (416,1,'','Sara bought a purse for Rs 480 and then shel sold it to natalie at a gain of 6.25%. Natalie sold it to Dina at a gain of 10%. How much did Dina pay for it?','ACTIVE',4,120,0),
 (422,1,'','A man bought a plot of land at Rs 3,60,000. He sells 1/3rd of the plot at a loss of 20%. Again, he sells 1/3rd of the plot left at a profit of 25%. At what price should he sell the remaining plot of land in order to get a profit of 10% on the whole?','ACTIVE',4,120,0),
 (423,1,'','The difference in prices when a commodity is sold at a profit of 4% and at a profit of 6% is Rs 3. Find the selling price of the commodity in the two cases.','ACTIVE',4,60,0),
 (424,1,'','A publisher sells a book for Rs 168 at a profit of 20%. If the cost of production increases by 30%, what should be the increase in price of the book so that his percentage profit remains the same?','ACTIVE',4,120,0),
 (425,1,'','Toby ordered a set of beads. He received 35 beads in all. 7 of the beads were green. What percentage of the beads were not green?','ACTIVE',3,70,0),
 (426,1,'','If the cost price of 11 shirts is equal to the selling price of 10 shirts, find the percentage profit or loss','ACTIVE',4,60,0),
 (427,1,'','By selling a stool of Rs 67.5, a carpenter loses 10%. How much percent would be gained or lost by selling it for Rs 82.50?','ACTIVE',4,120,0),
 (428,1,'','A shopkeeper sold an article at a gain of 5%. If he had sold it for Rs 16.50 less, he would have lost 5%. Find the cost price of the article','ACTIVE',4,120,0),
 (429,1,'','A manufacturer sells an article to a wholeseller at a profit of 18%. The wholeseller then sells it to a retailer at a profit of 20%. The retailer then sells it to the customer at a profit of 25%. If the customer had paid Rs 30.09 for it, how much did it cost to the manufacturer?','ACTIVE',4,120,0),
 (430,1,'','Peter sold a transistor to Sam at a gain of 10% and Sam sold it to Harry at a gain of 15%. Peter had bought it for Rs 500. How much did Harry pay then?','ACTIVE',4,120,0),
 (431,1,'','A watch sold for Rs 448 gives a profit of only 12%. Find the profit percentage if the selling price has been Rs 512','ACTIVE',4,120,0),
 (432,1,'','By selling a radio for Rs 448, Matt gains 10%. Find his cost price','ACTIVE',4,60,0),
 (433,1,'','A woman buys a T.V fir Rs 6800. For how much should she sell it so as to gain 10%','ACTIVE',4,120,0),
 (434,1,'','One Ramsay  brother bought a house for Rs 2.75.000. He spends Rs 25,000 on its repairs. Then like a smart businessman he sells it for Rs 3,50,000. FInd his gain percent','ACTIVE',4,120,0),
 (435,1,'','What is the selling price when the marked prive is Rs 500 and the discount offered is 10%','ACTIVE',4,60,0),
 (436,1,'','Find the rate of discount when the marked price is Rs 600 and selling prive is Rs 510','ACTIVE',4,60,0),
 (437,1,'','Find the marked prive when the selling prive is Rs 9000 and the discount is 10%','ACTIVE',4,120,0),
 (438,1,'','A seller prices an article at 20% more than the cost prive and allows a discount of 10% on it. Find the gain percentage','ACTIVE',4,120,0),
 (439,1,'','Shannon purchased a watch at 20% dicount on its marked prive but sold it at the marked price. Find the gain percent of Shannon in this deal','ACTIVE',4,120,0),
 (440,1,'','A garment dealer allows  his customer 10% discount on a marked price of the goods and still gets a profit of 25%. What is the cost prce of a shirt if the marked price is Rs 1250?','ACTIVE',4,120,0),
 (441,1,'','What proceshould Kane mark on a shirt which costs him Rs 3000, so as to gain 20% after allowing a discount of 10%','ACTIVE',4,120,0),
 (442,1,'','Find the selling price when the marked price = Rs 1500 and discount is 12%','ACTIVE',4,60,0),
 (443,1,'','Find the discount and the amount actually paid if a shirt having a price tag of Rs 600 is sold at 15% discount','ACTIVE',4,120,0),
 (444,1,'','Find the discount and the amount actually paid if a vaccum cleaner with a marked price of Rs 6000 is sold at a discount of 5%on immediate cash payment','ACTIVE',4,120,0),
 (445,1,'','Find the rate of discount when the marked price is Rs 300 and the selling price is Rs 240','ACTIVE',4,60,0),
 (446,1,'','Find the rate of discount when the marked price is Rs 2800 annd the selling price is Rs 2100','ACTIVE',4,60,0),
 (447,1,'','Find the marked price when selling price is Rs 1900 and the discount is 5%','ACTIVE',4,60,0),
 (448,1,'','Find the marked price when the selling price is Rs 4200 and the discount offered is 16%','ACTIVE',4,120,0),
 (449,1,'','A shopkeeper marks his goods 30% above the cost price and gives a discount of 15% on the marked price. What gain percent did he make','ACTIVE',4,120,0),
 (450,1,'','A bike dealer pays a 10% custom duty on a bike which costs Rs 5,00,000 abroad. For how much should he mark it so that he can make a profit of 20% after giving a discount of 25% to the buyer? ','ACTIVE',4,120,0),
 (451,1,'','If Ram can complete a piece of work in 8 days then the work completed by him in 1 day is :','ACTIVE',5,60,0),
 (452,1,'','If Anil can do 1/10th part of work in 1 day then in how many days shall work will complete?','ACTIVE',5,45,0),
 (453,1,'','If A can complete a piece of work in 10 days and B complete the same work in 15 days. How many days shall be required to complete the work if they both work together?','ACTIVE',5,120,0),
 (454,1,'','If Geeta can paint a wall in 2 hours and same wall can be painted by Seeta & Neeta in 3 hours and 4 hours respectively. In how many hours the same wall shall be painted if they work together?','ACTIVE',5,60,0),
 (455,1,'','If man A completes a work in 10 days & the same work is completed by B & C in 15 days & 12 days respectively. In how many days the work is completed if they work together?','ACTIVE',5,75,0),
 (456,1,'','If A and B completed a work together in 6 days . If A completed the same work in 10 days alone. Then in how many days can B complete the work alone ?','ACTIVE',5,75,0),
 (457,2,'','If A,B,C can complete construction of a house in 4 days working together whereas A and B can alone construct same house in 10 days & 15 days respectively. Then in how many days can C construct the same house working alone?','ACTIVE',5,140,0),
 (458,2,'','A & B can do  a piece of work in 12 days , B & C can do it in 15 days , A & C can do it in 20 days . In how many days will A, B and C finish it working all together?','ACTIVE',5,120,0),
 (459,2,'','A can lay railway track between two railway stations in 16 days and B can do the same work in 12 days . With help of C , they did the job in 4 days only. Then C alone can do the job in:','ACTIVE',5,120,0),
 (460,2,'','A takes twice as much time as B and thrice as much time as C finish a piece of work . Working together , they can finish the work in 2 days. A can do the work alone in :','ACTIVE',5,120,0),
 (461,3,'','Rohan and Sohan are working on an assignment. Rohan takes 6 hours to type 32 pages on a computer while Sohan takes 5 hours to type 40 pages . How much time will they take , together on two different computers to type an assignment of 110 pages?','ACTIVE',5,180,0),
 (462,3,'','Two workers A and B are engaged to do a work . A working alone takes 8 hours more to complete the job than if both worked together. If B worked alone he would need 4.5 hours more to complete the job than they both working together. What time would they take to do the work together?','ACTIVE',5,180,0),
 (463,3,'','P can complete a work in 12 days working 8 hours a day . Q can complete the same work in 8 days working 10 hours a day . If both P and Q work together , working 8 hours a day , in how many days can they complete the work?','ACTIVE',5,180,0),
 (464,3,'','Ram and Shayam can together paint a room in 25 minutes. Ram can alone paint the same room in 50 minutes. They work together for 20 minutes , then Ram goes away. In how many minutes will Shayam paint the remaining part of the room?','ACTIVE',5,120,0),
 (465,2,'','A can do a work in 15 days and B in 20 days. If they work on it together for 4 days, then the fraction of the work that is left is ?','ACTIVE',5,120,0),
 (466,2,'','A is thrice as good as workman as B and therefore is able to finish a job in 60 days less than B. Working together, they can do it in?','ACTIVE',5,120,0),
 (467,2,'','A alone can do a piece of work in 6 days and B alone in 8 days. A and B undertook to do it for Rs. 3200. With the help of C, they completed the work in 3 days. How much is to be paid to C?','ACTIVE',5,120,0),
 (468,2,'','A can do a piece of work in 4 hours; B and C together can do it in 3 hours, while A and C together can do it in 2 hours. How long will B alone take to do it?','ACTIVE',5,120,0),
 (469,2,'','A can do a certain work in the same time in which B and C together can do it. If A and B together could do it in 10 days and C alone in 50 days, then B alone could do it in:\n','ACTIVE',5,120,0),
 (470,3,'','A does 80% of a work in 20 days. He then calls in B and they together finish the remaining work in 3 days. How long B alone would take to do the whole work?','ACTIVE',5,180,0),
 (471,2,'','A can finish a work in 18 days and B can do the same work in 15 days. B worked for 10 days and left the job. In how many days, A alone can finish the remaining work?','ACTIVE',5,150,0),
 (472,2,'','A and B can together finish a work 30 days. They worked together for 20 days and then B left. After another 20 days, A finished the remaining work. In how many days A alone can finish the work?','ACTIVE',5,150,0),
 (473,3,'','10 women can complete a work in 7 days and 10 children take 14 days to complete the work. How many days will 5 women and 10 children take to complete the work?','ACTIVE',5,180,0),
 (474,3,'','	\nX and Y can do a piece of work in 20 days and 12 days respectively. X started the work alone and then after 4 days Y joined him till the completion of the work. How long did the work last?','ACTIVE',5,180,0),
 (475,2,'','A, B and C can complete a piece of work in 24, 6 and 12 days respectively. Working together, they will complete the same work in?','ACTIVE',5,120,0),
 (476,3,'','A takes twice as much time as B or thrice as much time as C to finish a piece of work. Working together, they can finish the work in 2 days. B can do the work alone in?','ACTIVE',5,180,0),
 (477,3,'','Ravi undertook the construction of a 9 km bridge in 1 month . He has 42 workers who can complete the construction of 2 km of the bridge in one month. How many more workers should he employ?','ACTIVE',5,180,0),
 (478,2,'','Worker A takes 8 hours to do a job. Worker B takes 10 hours to do a job. How long should it take both A and B, working together to do same job?','ACTIVE',5,150,0),
 (479,2,'','A can finish a work in 18 days and B can do same work in half the time taken by A. then working together, what part of same work they can finish in a day?','ACTIVE',5,120,0),
 (480,2,'','A tyre has two punctures. The first puncture alone would have made the tyre flat in 9 minutes and the second alone would have done it in 6 minutes. If air leaks out at a constant rate, how long does it take both the punctures together to make it flat ?','ACTIVE',5,150,0),
 (481,2,'','10 workers can earn 4800 rupees in 5 days . What amount will 8 workers earn in 9 days?','ACTIVE',5,150,0),
 (482,2,'','Spinning 4 hours daily, Santosh can spin 3 kg of cotton balls in 15 days. If she spins 5 hours daily, how many days will she take to spin 8 kg of cotton balls?','ACTIVE',5,150,0),
 (483,2,'','Alpha and Beta together have Rs. 1210. If 2/5th of Beta\'s amount is equal to  4/15th of Alpha\'s amount, how much does Alpha have in Rs? (Enter value only)','REVIEW_PENDING',2,45,0),
 (484,2,'','Alpha and Beta have 20% and 50% more marbles than Gamma. What is the ratio of the number of marbles that Alpha has to the number of marbles that Beta has? (Enter in format a:b)','REVIEW_PENDING',2,45,0),
 (485,2,'','Four squirrels store nuts for winter. They number of nuts each has is in the proportion of 5 : 2 : 4 : 3. If Squirrel 3 has 1000 more than Squirrel 4 , what is the Second squirrels share?','REVIEW_PENDING',2,45,0),
 (486,2,'','Seats for Mathematics, Physics and Biology in a school are in the ratio 5 : 7 : 8. There is a proposal to increase these seats by 40%, 50% and 75% respectively. What will be the ratio of increased seats? (Enter in format a:b:c)','REVIEW_PENDING',2,50,0),
 (487,2,'','In a mixture of 60 litres, the ratio of milk to water is 2 : 1. What quantity of water in litres should be added to make the ratio 1:2? (Enter value only)','REVIEW_PENDING',2,45,0),
 (488,2,'','Maggi makes two types of ketchup in a ratio of 7 : 8 namely \"regular ketchup\" and \"hot and sweet\". If Maggi decided to increase production of \"hot and sweet\" by 10% and \"regular ketchup\" by 20% . What will the new ratio be? (Enter in format a:b)\n','REVIEW_PENDING',2,45,0),
 (489,2,'','If 0.75 : x :: 5 : 12, then x is equal to:','REVIEW_PENDING',2,20,0),
 (490,1,'','The sum of three numbers is 98. If the ratio of the first to second is 2 :3 and that of the second to the third is 5 : 8, then the first number is:','REVIEW_PENDING',2,45,0),
 (491,1,'','The fourth proportional to 5, 8, 15 is?','REVIEW_PENDING',2,25,0),
 (492,1,'','If a:b = 2:3 and b:c = 4:3, then find a:b:c (Enter in format a:b:c)','REVIEW_PENDING',2,30,0),
 (493,1,'','If A:B = 2:3, B:C = 4:5 and C:D = 6:7, then find the value of A:B:C:D','REVIEW_PENDING',2,35,0),
 (494,1,'','If 2 : 11 :: x : 22, then enter the value of x.','REVIEW_PENDING',2,20,0),
 (495,1,'','if x:y = 1:3, then find the value of  (7x+3y):(2x+y) (Enter in format a:b)','REVIEW_PENDING',2,30,0),
 (496,1,'','The salaries of A, B and C are of ratio 2:3:5. If the increments of 15%, 10% and 20% are done to their respective salaries, then find the new ratio of their salaries.','REVIEW_PENDING',2,45,0),
 (497,1,'','According to Tom, chocolate chip cookies need to have a  ratio of 22 chocolate chips to 3 cookies.\nHow many chocolate chips does Tom need to make  45 chocolate chip cookies?','REVIEW_PENDING',2,30,0),
 (498,2,'','A farmer knows that oranges grow on trees in a ratio 122:3. Orange trees grow in his area in a ratio of 35 trees to 1 acre of land. if he has 6 acres, how many oranges will he harvest?','REVIEW_PENDING',2,45,0),
 (499,1,'','The there was a bird in a farmers orange orchard. In the first 3 days it ate 2 oranges. If the bird continues to eat oranges at the same rate, how many oranges will it eat in 60 days?','REVIEW_PENDING',2,45,0),
 (500,2,'','If\\hspace{0.1cm}1564\\hspace{0.1cm}is\\hspace{0.1cm}to\\hspace{0.1cm}be\\hspace{0.1cm}divided\\hspace{0.1cm}into\\hspace{0.1cm}three\\hspace{0.1cm}parts,\\hspace{0.1cm}proportional\\hspace{0.1cm}to\\hspace{0.1cm}\\[\\frac{1}{2}:\\frac{2}{3}:\\frac{3}{4}\\]\\hspace{0.1cm},\\hspace{0.1cm}then\\hspace{0.1cm}the\\hspace{0.1cm}first\\hspace{0.1cm}part\\hspace{0.1cm}is?','REVIEW_PENDING',2,30,0),
 (501,2,'','A mixture contains alcohol and water in the ratio 4 : 3. If 5 liters of water is added to the mixture, the ratio becomes 4: 5. Find in litres the quantity of alcohol in the given mixture. (Enter values only) \n','REVIEW_PENDING',2,45,0),
 (502,1,'','A sum of Rs 31200 was divided among 100 boys and girls in such a way that the boy gets Rs.360 and each girl Rs. 240 the number of girls is','REVIEW_PENDING',2,45,0),
 (503,1,'','If 85 is divided into four parts proportional to 6, 5, 4, 2, then the smallest part is:','REVIEW_PENDING',2,25,0),
 (504,1,'','A dealer allows a cash discount of 12.5% on a machine. A customer pays an amount of Rs 437.5 for the machine. At what price is the machine listed?','ACTIVE',4,120,0),
 (505,1,'','A seller offers 10% off-season discount to the cusomers and still makes a profit of 28%. What is the cost price of a pair of shoes marked at Rs 1120?','ACTIVE',4,120,0),
 (506,1,'','A man buys an article for Rs 400 and marks it for sale at a price that may give him 80% profit on his cost. He hoiwever gives 15% discount on the marked price to his customer. Calculate the marked price of the article','ACTIVE',4,120,0),
 (507,1,'','A man buys an article for Rs 400 and marks it for sale at a price that may give him 80% profit on his cost. He hoiwever gives 15% discount on the marked price to his customer. Calculate the discount in rupees given to the customer','ACTIVE',4,120,0),
 (508,1,'','A shopkeeper buys an article for Rs 400 and marks it for sale at a price that may give him 80% profit on his cost. He hoiwever gives 15% discount on the marked price to his customer. Calculate the actual percentage profit made by the shopkeeper','ACTIVE',4,120,0),
 (509,1,'','When a discount of 15% is allowed on the marked price of an article, it is sold for Rs 2975. Calculate the marked price','ACTIVE',4,120,0),
 (510,1,'','When a discount of 15% is allowed on the marked price of an article, it is sold for Rs 2975. Calculate its cost price, given that the marked price is 40% above the cost price of the article','ACTIVE',4,120,0),
 (511,1,'','When a discount of 15% is allowed on the marked price of an article, it is sold for Rs 2975. Calculate the profit in Rs, made by the sale of the article','ACTIVE',4,120,0),
 (512,1,'','A shopkeeper allows a discount of 20% on the marked price of an article and then sells it for Rs 896. Calculate the marked price of the article','ACTIVE',4,120,0),
 (513,1,'','A shopkeeper allows a discount of 20% on the marked price of an article and then sells it for Rs 896. By selling the article at a discounted price if he still gains 12% on his cost price, what was the cost price?','ACTIVE',4,120,0),
 (514,1,'','A shopkeeper allows a discount of 20% on the marked price of an article and then sells it for Rs 896. What should have been his profit percentage if he had sold the article at the marked price?','ACTIVE',4,120,0),
 (515,1,'','Ikea allows 4% discount on the marked prices of each item. What price must be marked on dining table chich costs Rs 4000 to assemble, so as to make a profit of 20%','ACTIVE',4,120,0),
 (516,1,'','Rotmann sells an old car priced at Rs 3,60,000. He then gives a discount of 8% on the first 2,00,000 and 5% on the remaining 1,60,000. Jamie also sells a similar car of the same marked priced at Rs 3,60,000. He however gives a discount of only 7% on the total price. Calculate the actual prices charged by Rotmann and Jamie for their respective cars','ACTIVE',4,120,0),
 (517,1,'','A shopkeeper expects a gain of 22.5% on his cost price. If in a week his sale was of Rs 392, what was his profit?','ACTIVE',4,120,0),
 (518,1,'','A property dealer sells a house for Rs 63,00,000 and in the bargain  makes a profit of 5%. Had he sold it for 50,00,000 then what percentage of loss of gain would he have made?','ACTIVE',4,120,0),
 (519,1,'','The profit earned by selling an article for Rs 832 is equal to the loss incurred when the same article is sold at Rs 448. What should be the sale price for making 50% profit.','ACTIVE',4,120,0),
 (520,1,'','If the selling price of 50 articles is equal to the cost price of 40 articles, then the loss or gain per cent is:','ACTIVE',4,120,0),
 (521,1,'','A man purchased a box full of penciles at the rate of 7 for Rs 9 and sold all of them at the rate of 8 for Rs 11. In this transaction, he gained Rs 10. How many pencils did the box contain?','ACTIVE',4,120,0),
 (522,1,'','A shopkeeper sells an article at a loss of 12.5%. Had he sold it for Rs 51.80 more he would have made a profit of 6%. The cost price of the article is ?','ACTIVE',4,120,0),
 (523,1,'','Robert owns a plot worth Rs 10,000. He sells it Michael at a profit of 10%. After sometime, Michael sells it back to Robert at a loss of 10%, then Ramesh','ACTIVE',4,120,0),
 (524,1,'','If 5% more is gained by selling an article for Rs 350 then by selling it for Rs 340, the cost of the article will be','ACTIVE',4,120,0),
 (525,1,'','A shopkeeper earns 15% profit  on a shirt even after allowing 31% discount on the marked price. If the marked price is Rs 1250, then the cost price of the shirt is','ACTIVE',4,120,0),
 (526,1,'','Two successive discount of 10% and 5% are equal to a single discount of','ACTIVE',4,180,0),
 (527,1,'','Applied to a bill of Rs 15000, what is the difference in rupees between a discount of 50% and two successive discounts of 30% and 20%?','ACTIVE',4,120,0),
 (528,1,'','A book was bought at Rs 60 and sold for Rs 50. What is the loss percentage','ACTIVE',4,60,0),
 (529,1,'','Suyash bought an article for Rs 800 and sold for Rs 1000. Find the profit percentage','ACTIVE',4,30,0),
 (530,1,'','Find the cost price when the selling price is Rs 2200 and the gain was 10%','ACTIVE',4,30,0),
 (531,1,'','Chocolates are bought at the rate of 5 for a rupee and sold at 4 for a rupee. Find the profit percent','ACTIVE',4,30,0),
 (532,1,'','Find the discount in percent when the marked price is Rs 400 and selling price is Rs 360','ACTIVE',4,30,0),
 (533,1,'','15% of the total number of biscuits in a packet is 30. The total number of biscuits is _____.','ACTIVE',3,90,0),
 (534,1,'','2/25 = _______ %.','ACTIVE',3,45,0),
 (535,1,'','A Sells a bicycle to B at a profit of 20% and B sells it to C at a profit of 25%,If C pays 1500,What did A pay for it ?','ACTIVE',3,90,0),
 (536,1,'','One-fourth of the total number of shoes in a shop were on discount sale. What percent of the shoes were there on normal price?','REVIEW_PENDING',3,45,0),
 (537,1,'','What percentage of numbers from 1 to 70 have 1 or 9 in the unit\'s digit?','REVIEW_PENDING',3,90,0),
 (538,1,'','In the word \"ARITHMETIC\", what percent of the letters are Is?','REVIEW_PENDING',3,75,0),
 (539,1,'','\\[\\frac{9}{20}\\hspace{0.1cm}\\doteq\\hspace{0.1cm}?\\]','REVIEW_PENDING',3,45,0),
 (540,1,'',': Find the sum which when increased by 15% becomes Rs 19320','REVIEW_PENDING',3,60,0),
 (541,1,'','\\[\\frac{80}{100}\\hspace{0.1cm}\\doteq\\hspace{0.1cm}\\frac{?}{20}\\]','REVIEW_PENDING',3,50,0),
 (542,1,'','If the price of petrol increases by 25% and Raj intends to spend only an additional 15% on petrol, by how much % will he reduce the quantity of petrol purchased?','REVIEW_PENDING',3,90,0),
 (543,1,'','A candidate who gets 20% marks fails by 10 marks but another candidate who gets 42% marks gets 12% more than the passing marks. Find the maximum marks ?','REVIEW_PENDING',3,180,0),
 (544,3,'','A vendor sells 60 percent of apples he had and throws away 15 percent of the remainder. Next day he sells 50 percent of the remainder and throws away the rest. What percent of his apples does the vendor throw?','REVIEW_PENDING',3,150,0),
 (545,3,'','40% of 70 is x% more than 30% of 80. Find x.','REVIEW_PENDING',3,150,0),
 (546,3,'','If S is 150 percent of T, then T is what percent of S + T ?','REVIEW_PENDING',3,150,0),
 (547,3,'','Ben earns $12,800 a year. About 15% is taken out for taxes. How much is taken out for taxes?','REVIEW_PENDING',3,45,0),
 (548,3,'','Which is greater?','REVIEW_PENDING',3,75,0),
 (549,3,'','What is greater ?','REVIEW_PENDING',3,45,0),
 (550,1,'','Which is greater ?','ACTIVE',3,45,0),
 (551,1,'','Which is less?','REVIEW_PENDING',3,45,0),
 (552,1,'','What is 8 % of 80','ACTIVE',3,45,0),
 (553,1,'','What is 9 % of 900000','REVIEW_PENDING',3,60,0),
 (554,1,'','What is 130 % of 5000 ?','REVIEW_PENDING',3,45,0),
 (555,1,'','What is 0.1 % of 200 ?','REVIEW_PENDING',3,45,0),
 (556,1,'','What is 5 % of 5','REVIEW_PENDING',3,45,0),
 (557,1,'','What is 500 % of 1 ?','REVIEW_PENDING',3,45,0),
 (558,1,'','If the price of a pen is 1 Rs. If the price of a pen increase by 500%. What is the new price of the pen. ','REVIEW_PENDING',3,75,0),
 (559,1,'','What is 0.05 % of 500 ?','REVIEW_PENDING',3,60,0),
 (560,1,'','What\\hspace{0.1cm}is\\hspace{0.1cm}equivalent\\hspace{0.1cm}to\\hspace{0.1cm}5%\\hspace{0.1cm}of\\hspace{0.1cm}\\hspace{0.1cm}\\[\\frac{11}{3}\\]\\hspace{0.1cm}\\hspace{0.1cm}from\\hspace{0.1cm}the\\hspace{0.1cm}options\\hspace{0.1cm}below\\hspace{0.1cm}?','REVIEW_PENDING',3,75,0),
 (561,1,'','Which\\hspace{0.1cm}is\\hspace{0.1cm}equivalent\\hspace{0.1cm}to\\hspace{0.1cm}9%\\hspace{0.1cm}of\\hspace{0.1cm}\\[\\frac{\\hspace{0.1cm}200\\hspace{0.1cm}}{3}\\]\\hspace{0.1cm}?\\hspace{0.1cm}','REVIEW_PENDING',3,60,0),
 (562,1,'','Which\\hspace{0.1cm}of\\hspace{0.1cm}the\\hspace{0.1cm}following\\hspace{0.1cm}is\\hspace{0.1cm}equivalent\\hspace{0.1cm}to\\hspace{0.1cm}18%\\hspace{0.1cm}of\\hspace{0.1cm}\\hspace{0.1cm}\\[\\frac{\\hspace{0.1cm}52\\hspace{0.1cm}}{\\hspace{0.1cm}18\\hspace{0.1cm}}\\]','REVIEW_PENDING',3,60,0),
 (563,1,'','Find the % change in the price of an article if the price becomes four fold ?','REVIEW_PENDING',3,60,0),
 (564,1,'','What is the % change in the price of a Piano, if the price is first increased by 10% and then decreased by 10% ?','REVIEW_PENDING',3,90,0),
 (565,1,'','If the price of phone decreases by 20% and then increases by 20%. What is % change in price ?','REVIEW_PENDING',3,75,0),
 (566,1,'','If the price of phone decreases by 20% and then increases by 25%. What is % change in price ?','REVIEW_PENDING',3,75,0),
 (567,1,'','If the price of an article is increased by 25% and decreased by 20% then what is the % change in the price of the article. ','REVIEW_PENDING',3,75,0),
 (568,1,'','If the price of an article is first increased by 20% and then decreased by 40% then what is the % change in the price of the article. ','REVIEW_PENDING',3,75,0),
 (569,1,'','If the price of an article is first increased by 20% and then decreased by 10% then what is the % change in the price of the article. ','REVIEW_PENDING',3,75,0),
 (570,1,'','Is 25% of 500 and 50% of 750  equal ?','REVIEW_PENDING',3,20,0),
 (571,1,'','If the price of an article is first increased by 20% then decreased by 10% then again decreased by 10% then what is the % change in the price of the article.  ','REVIEW_PENDING',3,100,0),
 (572,1,'','When Shahrukh khan was a struggling actor he bought an old scooter for Rs 4700 and then spent Rs 800 on repairs. If he then sells it for Rs 5800 his proft percent is','ACTIVE',4,60,0),
 (573,1,'','The cost of 20 diwali rockets is the same as the selling price of x diwali rockets. If the profit is 25% then the value of x is:','ACTIVE',4,120,0),
 (574,1,'','If selling price is doubled, the profit triples. Find the profit percent.','ACTIVE',4,180,0),
 (575,1,'','In a certain store, the profit is 320% of the cost. If the cost increases by 25% but the selling price remains constant, approximately what percentage of the selling price is the profit?','ACTIVE',4,180,0),
 (576,1,'','A vendor bought toffees at 6 for a rupee. How many for a rupee must he sell to gain 20%?','ACTIVE',4,120,0),
 (577,1,'','If the cost price is 25% of selling price. Then what is the profit percent.','ACTIVE',4,120,0),
 (578,1,'','Alfred buys an old scooter for Rs. 4700 and spends Rs. 800 on its repairs. If he sells the scooter for Rs. 5800, his gain percent is','ACTIVE',4,120,0),
 (579,1,'',' A book was sold for Rs 27.50 with a profit of 10%. If it were sold for Rs. 25.75, then would have been percentage of profit and loss ?','ACTIVE',4,120,0),
 (580,1,'','A person incurs a loss of 5% be selling a watch for Rs. 1140. At what price should the watch be sold to earn 5% profit.','ACTIVE',4,120,0),
 (581,1,'','In terms of percentage profit, which among following the best transaction. In other words, which one of these transactions yields the best profit percentage?','ACTIVE',4,60,0),
 (582,1,'','A TV is purchased at Rs. 5000 and sold at Rs. 4000, find the lost percent.','ACTIVE',4,60,0),
 (583,1,'',' A man buys an article for Rs. 27.50 and sells it for Rs 28.60. Find his gain percent','ACTIVE',4,120,0),
 (584,1,'','Akhil purchased 70kg vegetable at Rs. 420, then sold them at the rate of Rs. 6.50 per kg, find the profit percent.','ACTIVE',4,60,0),
 (585,1,'','100 oranges are bought at the rate of Rs. 350 and sold at the rate of 48 per dozen. The percentage of profit is','ACTIVE',4,120,0),
 (586,1,'','A man buys an item at Rs. 1200 and sells it at the loss of 20 percent. Then what is the selling price of that item','ACTIVE',4,90,0),
 (587,1,'','Sahil purchased a machine at Rs 10000, then got it repaired at Rs 5000, then gave its transportation charges Rs 1000. Then he sold it with 50% of profit. At what price he actually sold it.','ACTIVE',4,120,0),
 (588,1,'','A shopkeeper expects a gain of 22.5 % on his C.P. If his sale was Rs. 392, then find his profit.','ACTIVE',4,120,0),
 (589,1,'','A plot is sold for Rs. 18,700 with a loss of 15%. At what price it should be sold to get profit of 15%.','ACTIVE',4,120,0),
 (590,1,'','A man gains 20% by selling an article for a certain price. If he sells it at double the price, the percentage of profit will be.','ACTIVE',4,120,0),
 (591,1,'','If the cost price of 12 pens is equal to the selling price of 8 pens, the gain percent is ?','ACTIVE',4,120,0),
 (592,1,'','The cost price of 20 articles is the same as the selling price of x articles. If the profit is 25% then determine the value of x.','ACTIVE',4,120,0),
 (593,1,'','Sam purchased 20 dozens of toys at the rate of Rs. 375 per dozen. He sold each one of them at the rate of Rs. 33. What was his percentage profit?','ACTIVE',4,120,0),
 (594,1,'','If the price of an article becomes one-fifth.  By what percent the price decreased.','ACTIVE',3,45,0),
 (595,1,'','26 iron rods of the same weight weigh 312 kg. What will be the weight of 42 such rods','REVIEW_PENDING',8,30,0),
 (596,1,'','120 men had food provision for 210 days. After 10 days, 40 men died due to an epidemic. How long will the remaining food last?','REVIEW_PENDING',8,60,0),
 (597,1,'','15 chests of tea, each chest containing 20 kg cost Rs 350. What will the price at the rate of 12 chests each containig 25 kg?','REVIEW_PENDING',8,60,0),
 (598,1,'','25 horses eat 5 bags of corn in 12 days, how much will 10 horses eat in 18 days','REVIEW_PENDING',8,60,0),
 (599,1,'','If a man working for 56 hours warns Rs 1876, how much will he earn working for 27 hours?','REVIEW_PENDING',8,120,0),
 (600,1,'','The interest on Rs 900 is Rs 45, What is the interest on Rs 1870','REVIEW_PENDING',8,60,0),
 (601,1,'','How many days it would take 59 men to build a wall which 118 men can build in 3 weeks?','REVIEW_PENDING',8,120,0),
 (602,1,'','Roger has enough money to buy 75 machines worth Rs 200 each. How many machines can he buy if he gets a discount of Rs 50 on each machine?','REVIEW_PENDING',8,120,0),
 (603,1,'','4 men can take 4 cupboards in 4 days. Ho many cupboards can 14 men make in 14 days?','REVIEW_PENDING',8,60,0),
 (604,1,'','It costs Rs 1800 to keep 50 kids for 8 weeks in a hostel.. For what length of time did the cost of keeping 90 children amount to Rs 21060','REVIEW_PENDING',8,120,0),
 (605,1,'','In how many days of working 8 hours per day , can 12 men do the same work as 10 men working 9 hours a day do in 16 days','REVIEW_PENDING',8,120,0),
 (606,1,'','If 10 men working working 7 hours a day dig a trench 147 meters long , how many men working 8 hours a day will dig a trench 168 meters long (of the same breadth and depth as the first in the same number of days)','REVIEW_PENDING',8,120,0),
 (607,1,'','Three pumps working 8 hours a day can empty a tank in 2 days. How many hours a day must 4 pumps work to empty the tank in 1 day','REVIEW_PENDING',8,120,0),
 (608,1,'','If a man travels 65 km in 3 days by walking 7.5 hours a day, in how many days will he travel 156 km by walking 8 hours a day?','REVIEW_PENDING',8,120,0),
 (609,1,'','Abraham can do a piece of work in 15 days and Bach can do it in 30 days. If both of them work at it together then in how many days will they be able to finish the work?','REVIEW_PENDING',8,60,0),
 (610,1,'','Richard can do a piece of work in 12 days and when Richard and Matt work together they can do it in 8 days. How long will matt take working alone?','REVIEW_PENDING',8,120,0),
 (611,1,'','Brian can do 1/6th of the work in 3 hours and Jamie can do 1/4th of the work in 9 hours. In how many hours  can both do it together?','REVIEW_PENDING',8,120,0),
 (612,1,'','Smeal can do a piece of work in 20 days and Geal can do it in 25 days. They work together for 10 days and then Smeal goes away. In how many days will Geal finish the remaining work?','REVIEW_PENDING',8,120,0),
 (613,1,'','Jagu and Dagu can do a piece of work in 10 days, dagu and bagu can do it in 15 days together,  and jagu and bagu can do it in 12 days together. How long will they take to do it together?','REVIEW_PENDING',8,120,0),
 (614,1,'','Vinod, Aslam and Karim can weave a carpet in 12 days, 15 days and 20 days respectively. If all of them work together and they get paid Rs 2460 for the whole work, how should the money be dvided amongst them?','REVIEW_PENDING',8,120,0),
 (615,1,'','Rege and Dixit together can complete a work in 15 days. If Rege is three times as good a workman as Dixit, in how many days will Rege alone finish the work?','REVIEW_PENDING',8,120,0),
 (616,1,'','Pylacud can copy 80 pages in 20 hours. Pylacud and his friend Gylacud together can copy 135 pages in 27 hours. In what time can Gylacud copy 48 pages?','REVIEW_PENDING',8,120,0),
 (617,1,'','Working alone, ayrana, byrana and cyrana can do a piece of work in 11 days, 20 days and 55 days respectivey. How soon can the work be done if ayrana is assisted by byrana and cyrana on alternate days?','REVIEW_PENDING',8,180,0),
 (618,1,'','One tap fills a tank in 12 minutes and the other in 15 minutes,. The outlet can empty the tank in 10 minutes. In what time will the tank be filled if both the taps are turned on and the outlet has been left open accidentally?','REVIEW_PENDING',8,120,0),
 (619,1,'','An outlet pipe can empty 5/6th of the cistern in 20 minutes. In 9 minutes what part of the cistern will be emptied?','REVIEW_PENDING',8,120,0),
 (620,1,'','What is 250% of 200 ?','REVIEW_PENDING',3,45,0),
 (621,1,'','The cost of an article was Rs 15,500. Rs 450 were spent on its repairs. If it is sold for a profit of 15%, find the selling price of the article','REVIEW_PENDING',3,75,0),
 (622,1,'','A VCR and TV were bought for Rs 8,000 each. The shopkeeper made a loss of 4% on the VCR and a profit of 8% on the TV. Find the gain or loss percent on the whole transaction.','REVIEW_PENDING',3,75,0),
 (623,1,'','Which is equivalent to 10% of 2 Hours ?','REVIEW_PENDING',3,60,0),
 (624,1,'','Which is equivalent to 10% of 3.5 Hrs ?','REVIEW_PENDING',3,75,0),
 (625,1,'','What is 10 % of 10 mins 50 seconds ?','REVIEW_PENDING',3,75,0),
 (626,1,'','What is 20% of 35 ?','REVIEW_PENDING',3,15,0),
 (627,1,'','What is 33% of 100/33 ?','REVIEW_PENDING',3,30,0),
 (628,1,'','If a number increases by 20% and then by 10% what is the overall  % change in the original number ? ','REVIEW_PENDING',3,70,0),
 (629,1,'','If a number is first decreased by 20% and then again decreased by 10%. What is the overall change in the value of original number ?','REVIEW_PENDING',3,75,0),
 (630,1,'','How much is 25% of 16 ?','REVIEW_PENDING',3,20,0),
 (631,1,'','Alia bhatt can fill a tank with water in 30 days and Priyanka Chopra can do it in 6 days. How long will Alia Bhatt and Priyanka Chopra take to do the work working together?','REVIEW_PENDING',8,120,0),
 (632,1,'','Two taps running together can fill a bath in 4 minutes, which is filled by one of the taps by itself in 7 minutes. How long will it take, if the other pipe is running by itself?','REVIEW_PENDING',8,60,0),
 (633,1,'','Amir  and Salman can polish the floors of a building in 12 days. Amir alone can do 1/5th of this job in 4 days. In how many days can Salman alone polish the floors?','REVIEW_PENDING',8,120,0),
 (634,1,'','Ghanchakkar can do 3/4 of the work in 12 days. In how many days can he finish 1/8th of the work?','REVIEW_PENDING',8,120,0),
 (635,1,'','Taklu and jhumper can weave a certain number of baskets in 25 days and 30 days respectively. They work together for 5 days and then Taklu leaves. In how many days will jhumper finish the rest of the work?','REVIEW_PENDING',8,120,0),
 (636,1,'','Anna, baba and kaka working together take 30 minutes to address a pile of envelopes. Anna and Baba together would take 40 minutes. Anna and kaka together would take 45 minutes. How long will each take working alone?','REVIEW_PENDING',8,120,0),
 (637,1,'','Jhang and Pang can do a piece of work in 15 days. They both start bu ta fter 6 days, pang falls ill and Jhang takes 30 more days to finish the work by himself. How long will each take working alone?','REVIEW_PENDING',8,120,0),
 (638,1,'','Ankya and Bankya can do a piece of work in 6 days and 4 days respectively. Ankya started the work; worked at it for 2 days and then was joined by Bankya. Find the total time taken to complete the work.','REVIEW_PENDING',8,120,0);
INSERT INTO `question` (`id`,`difficulty_level`,`image_url`,`question_text`,`state`,`topic_id`,`max_time_to_answer_in_seconds`,`question_frequency`) VALUES 
 (639,1,'','Rs 720 is paid for a task which parineeti can do in 3 days, nandita in 4 days and chitragandha in 6 days. If all work together, how much money should each receive?','REVIEW_PENDING',8,120,0),
 (640,1,'','mungeri lal works twice as fast as dungeri lal. If mungeri lal alone can complete a job in 18 days, find how many days will both, mungeri and dungeri lal together take to complete the job.?','REVIEW_PENDING',8,120,0),
 (641,1,'','Anna can do a job in 20 days. Babu inn 30 days. and caca in 60 days. If anna is helped by babu and caca on every third day, then in how many days will the job be finished?','REVIEW_PENDING',8,120,0),
 (642,1,'','Paytyam can copy 150 pages in 30 hours. Paytyam and Chaytyam can copy 280 pages in 35 hours. In what time would chaytyam copy 200 pages?','REVIEW_PENDING',8,120,0),
 (643,1,'','A tap can fill a cistern in 25 minutes and another can empty it in 50 minutes.In how many minutes will the tank be filled up if both taps are left on?','REVIEW_PENDING',8,60,0),
 (644,1,'','Two taps can fill a tank in 8 hours and 10 hours respectively. A third tap can empty it in 6 hours. How long will it take to fill the tank if all taps are left opened?','REVIEW_PENDING',8,120,0),
 (645,1,'','A tank can be filled by three taps, A, B and C when turned on separately in 24 minutes, 10 minutes and 30 minutes respectively. If all are turned on together for 2 and 2/3rd minutes and if B and C are then turned off, how much will A alone take to fill the tank?','REVIEW_PENDING',8,120,0),
 (646,1,'','A tyre named dhilon has two punctures. The first puncture alone would have made dhilon flat in 9 minutes and the second alone would have done it in 6 minutes. If air leaks out at constant rate, how long does it take both the punctures together to make it flat?','REVIEW_PENDING',8,120,0),
 (647,1,'','kylie and mylie together take 5 days to do a work, mylie and sayali take 7 days to do the same and kylie and sayali take 4 days to do it. Who among these will take the least time, if put to do it alone?','REVIEW_PENDING',8,120,0),
 (648,1,'','Yanmadti can do a piece of work in 13 days while kanchadti can do it in 8 days. With the help maushi, they finish the work in 4 days. Then maushi alone can do the work in ?','REVIEW_PENDING',8,120,0),
 (649,1,'','A tap can empty a tank in 1 hour. A second tap can empty it in 30 minutes. If both the taps operate simultaneously , how much time is needed to empty the tank ? ','REVIEW_PENDING',8,120,0),
 (650,1,'','Twp pipes named alia and vidya also can separately fill a cistern in 60 minutes and 75 minutes respectively . There is a third pipe named mohan baby at the bottom of the cistern to emtpy it. If all the three pipes are simultaneously opened, then the cistern is full in 50 minutes. In how much time can mohan baby alone empty the cistern?','REVIEW_PENDING',8,120,0),
 (651,1,'','Revathi and kankamukka can finish a work in 30 days. They worked for it for 20 days and then kankamukka left. The remaining work was done by revathi alone in 20 more days. So revathi alone can finish the work in ?','REVIEW_PENDING',8,120,0),
 (652,1,'','A car covers a certain distance in 4 hours if it moves at the rate of 70 km/hr. How much time will it take to cover the same distance at a rate of 56 km/hour.','REVIEW_PENDING',8,120,0),
 (653,1,'','Dallagoddu can complete a work in 24 days. How much work will he complete in 8 days?','REVIEW_PENDING',8,60,0),
 (654,1,'','7 men can complete a work in 28 days. In how many days will 14 men do the same work?','REVIEW_PENDING',8,60,0),
 (655,1,'','ranimukhichadrikasasurla, an indonesian national, can complete a work in 10 days and janagajananadesilva, a sri lankan national, can complete the same work in 5 days. How much time will both take to complete the work?','REVIEW_PENDING',8,30,0),
 (656,1,'','If the side of a square is reduced by 50% then what is the % change in the area ?','REVIEW_PENDING',3,90,0);
/*!40000 ALTER TABLE `question` ENABLE KEYS */;


--
-- Definition of table `question_option`
--

DROP TABLE IF EXISTS `question_option`;
CREATE TABLE `question_option` (
  `id` bigint(20) NOT NULL AUTO_INCREMENT,
  `image_url` varchar(255) DEFAULT NULL,
  `ordr` int(11) DEFAULT NULL,
  `text` varchar(255) DEFAULT NULL,
  `state` varchar(20) NOT NULL DEFAULT 'INACTIVE',
  `question_id` bigint(20) NOT NULL,
  PRIMARY KEY (`id`),
  KEY `FK6E1E3AEEF5A77402` (`question_id`),
  CONSTRAINT `FK6E1E3AEEF5A77402` FOREIGN KEY (`question_id`) REFERENCES `question` (`id`)
) ENGINE=InnoDB AUTO_INCREMENT=2628 DEFAULT CHARSET=latin1;

--
-- Dumping data for table `question_option`
--

/*!40000 ALTER TABLE `question_option` DISABLE KEYS */;
INSERT INTO `question_option` (`id`,`image_url`,`ordr`,`text`,`state`,`question_id`) VALUES 
 (901,NULL,1,'-2.35, -5.67, -5.68, 1.1, 1.114, 3.5','ACTIVE',181),
 (902,NULL,2,' -5.67, -2.35, 1.1, 1.114,-5.68,  3.5','ACTIVE',181),
 (903,NULL,3,' -2.35, 1.1, -5.67,  1.114,-5.68,  3.5','ACTIVE',181),
 (904,NULL,4,'1.1,1.114, -2.35,3.5, -5.67, -5.68','ACTIVE',181),
 (905,NULL,1,'-5.68, -5.67,-2.35,1.1, 1.114, 3.5','ACTIVE',181),
 (906,NULL,1,'13','ACTIVE',182),
 (907,NULL,2,'12.5','ACTIVE',182),
 (908,NULL,3,'12.4','ACTIVE',182),
 (909,NULL,1,'12','ACTIVE',182),
 (910,NULL,1,'18.3','ACTIVE',183),
 (911,NULL,2,'18.5','ACTIVE',183),
 (912,NULL,3,'18.2','ACTIVE',183),
 (913,NULL,1,'18.4','ACTIVE',183),
 (914,NULL,1,'2.8','ACTIVE',184),
 (915,NULL,2,'3.0','ACTIVE',184),
 (916,NULL,1,'2.9','ACTIVE',184),
 (917,NULL,1,'True','ACTIVE',185),
 (918,NULL,1,'False','ACTIVE',185),
 (919,NULL,1,'True','ACTIVE',186),
 (920,NULL,1,'False','ACTIVE',186),
 (921,NULL,1,'False','ACTIVE',187),
 (922,NULL,1,'True','ACTIVE',187),
 (923,NULL,1,'25.935','ACTIVE',188),
 (924,NULL,2,'25.0','ACTIVE',188),
 (925,NULL,3,'26.0','ACTIVE',188),
 (926,NULL,1,'25.9','ACTIVE',188),
 (927,NULL,1,'18.40','ACTIVE',189),
 (928,NULL,2,'18.5','ACTIVE',189),
 (929,NULL,1,'18.41','ACTIVE',189),
 (930,NULL,1,'0.0083','ACTIVE',190),
 (931,NULL,2,'0.0','ACTIVE',190),
 (932,NULL,1,'0.008','ACTIVE',190),
 (933,NULL,1,'13.0','ACTIVE',191),
 (934,NULL,2,'14.0','ACTIVE',191),
 (935,NULL,1,'12.0','ACTIVE',191),
 (936,NULL,1,'Rs 333','ACTIVE',192),
 (937,NULL,2,'Rs 100','ACTIVE',192),
 (938,NULL,3,'Rs 300','ACTIVE',192),
 (939,NULL,1,'Rs 111','ACTIVE',192),
 (940,NULL,1,'357','ACTIVE',193),
 (941,NULL,2,'3.57','ACTIVE',193),
 (942,NULL,3,'35700','ACTIVE',193),
 (943,NULL,1,'35.7','ACTIVE',193),
 (944,NULL,1,'1.25','ACTIVE',194),
 (945,NULL,2,'1.0','ACTIVE',194),
 (946,NULL,3,'0.9','ACTIVE',194),
 (947,NULL,1,'0.8','ACTIVE',194),
 (948,NULL,1,'True','ACTIVE',195),
 (949,NULL,1,'False','ACTIVE',195),
 (950,NULL,1,'0.0457','ACTIVE',196),
 (951,NULL,2,'0.000457','ACTIVE',196),
 (952,NULL,3,'457','ACTIVE',196),
 (953,NULL,4,'457000','ACTIVE',196),
 (954,NULL,1,'0.00457','ACTIVE',196),
 (955,NULL,1,'42.05','ACTIVE',197),
 (956,NULL,2,'42.04','ACTIVE',197),
 (957,NULL,3,'42.02','ACTIVE',197),
 (958,NULL,1,'42.03','ACTIVE',197),
 (959,NULL,1,'35/100','ACTIVE',198),
 (960,NULL,2,'33/100','ACTIVE',198),
 (961,NULL,1,'18/25','ACTIVE',198),
 (962,NULL,1,'False','REVIEW_PENDING',199),
 (963,NULL,1,'True','REVIEW_PENDING',199),
 (964,NULL,1,'8:3','REVIEW_PENDING',200),
 (965,NULL,1,'5:7','REVIEW_PENDING',201),
 (966,NULL,1,'45:148','REVIEW_PENDING',202),
 (967,NULL,1,'234:119','REVIEW_PENDING',203),
 (968,NULL,1,'2:17','REVIEW_PENDING',204),
 (969,NULL,1,'25:9','REVIEW_PENDING',205),
 (970,NULL,1,'5:3','REVIEW_PENDING',206),
 (971,NULL,1,'3:7>4:7','REVIEW_PENDING',207),
 (972,NULL,1,'4:7>3:7','REVIEW_PENDING',207),
 (973,NULL,1,'5:11>5:8','REVIEW_PENDING',208),
 (974,NULL,1,'5:8>5:11','REVIEW_PENDING',208),
 (975,NULL,1,'7:8>2:5>3:4','REVIEW_PENDING',209),
 (976,NULL,2,'3:4>2:5>7:8','REVIEW_PENDING',209),
 (977,NULL,3,'2:5>7:8>3:4','REVIEW_PENDING',209),
 (978,NULL,4,'3:4>7:8>2:5','REVIEW_PENDING',209),
 (979,NULL,1,'7:8>3:4>2:5','REVIEW_PENDING',209),
 (980,NULL,1,'4:7>3:5','REVIEW_PENDING',210),
 (981,NULL,1,'3:5>4:7','REVIEW_PENDING',210),
 (982,NULL,1,'When the ratios have the same consequent, the ratio with the greater antecedent will be greater.','REVIEW_PENDING',211),
 (983,NULL,2,'7:8>3:5>2:5','REVIEW_PENDING',211),
 (984,NULL,3,'When the ratios have the same antecedent, the ratio with the smaller consequent will be greater.','REVIEW_PENDING',211),
 (985,NULL,1,'4:7>11:19','REVIEW_PENDING',211),
 (986,NULL,1,'4:7:8','REVIEW_PENDING',212),
 (987,NULL,1,'2.5','REVIEW_PENDING',213),
 (988,NULL,1,'29/40','ACTIVE',214),
 (989,NULL,2,'29/4000','ACTIVE',214),
 (990,NULL,3,'125/29','ACTIVE',214),
 (991,NULL,1,'29/400','ACTIVE',214),
 (992,NULL,1,'0.002','ACTIVE',215),
 (993,NULL,2,'0.02','ACTIVE',215),
 (994,NULL,3,'0.2','ACTIVE',215),
 (995,NULL,1,'2','ACTIVE',215),
 (996,NULL,1,'5.4327 x 3.572 x 0.57','ACTIVE',216),
 (997,NULL,2,'54327 x 3572 x 0.0000057','ACTIVE',216),
 (998,NULL,3,'None of these','ACTIVE',216),
 (999,NULL,1,'5.4327 x 3.572 x 5.7','ACTIVE',216),
 (1000,NULL,1,'0.0000243','ACTIVE',217),
 (1001,NULL,2,'0.000243','ACTIVE',217),
 (1002,NULL,3,'0.0243','ACTIVE',217),
 (1003,NULL,1,'0.00243','ACTIVE',217),
 (1004,NULL,1,'.015','ACTIVE',218),
 (1005,NULL,2,'.0157','ACTIVE',218),
 (1006,NULL,3,'0.017','ACTIVE',218),
 (1007,NULL,1,'0.016','ACTIVE',218),
 (1008,NULL,1,'0.2','ACTIVE',219),
 (1009,NULL,2,'\\[1\\div0.2\\]','ACTIVE',219),
 (1010,NULL,3,'0.2','ACTIVE',219),
 (1011,NULL,1,'\\[0.2^2\\]','ACTIVE',219),
 (1012,NULL,1,'10x','ACTIVE',220),
 (1013,NULL,2,'100x','ACTIVE',220),
 (1014,NULL,3,'none of these','ACTIVE',220),
 (1015,NULL,1,'\\[\\frac{x}{10}\\hspace{0.1cm}\\]','ACTIVE',220),
 (1016,NULL,1,'3.12','ACTIVE',221),
 (1017,NULL,2,'312','ACTIVE',221),
 (1018,NULL,3,'31.20','ACTIVE',221),
 (1019,NULL,1,'3120','ACTIVE',221),
 (1020,NULL,1,'\\[\\frac{63}{487}\\hspace{0.1cm}\\]','ACTIVE',222),
 (1021,NULL,2,'\\[\\frac{119}{993}\\hspace{0.1cm}\\]','ACTIVE',222),
 (1022,NULL,3,'None of these','ACTIVE',222),
 (1023,NULL,1,'\\[\\frac{125}{999}\\hspace{0.1cm}\\]','ACTIVE',222),
 (1024,NULL,1,'.05','ACTIVE',223),
 (1025,NULL,1,'1.5','ACTIVE',224),
 (1026,NULL,1,'0.08','ACTIVE',225),
 (1027,NULL,1,'86.4','ACTIVE',226),
 (1028,NULL,1,'0.09','ACTIVE',227),
 (1029,NULL,1,'8.1','ACTIVE',228),
 (1030,NULL,1,'24','REVIEW_PENDING',229),
 (1031,NULL,2,'32','REVIEW_PENDING',229),
 (1032,NULL,3,'36','REVIEW_PENDING',229),
 (1033,NULL,1,'30','REVIEW_PENDING',229),
 (1034,NULL,1,'150','ACTIVE',230),
 (1035,NULL,2,'175','ACTIVE',230),
 (1036,NULL,3,'320','ACTIVE',230),
 (1037,NULL,1,'225','ACTIVE',230),
 (1038,NULL,1,'0.0225','ACTIVE',231),
 (1039,NULL,1,'18.8','ACTIVE',232),
 (1040,NULL,1,'10','ACTIVE',233),
 (1041,NULL,1,'17.25','ACTIVE',234),
 (1042,NULL,1,'50','ACTIVE',235),
 (1043,NULL,2,'45','ACTIVE',235),
 (1044,NULL,3,'52','ACTIVE',235),
 (1045,NULL,1,'54','ACTIVE',235),
 (1046,NULL,1,'-3.6','ACTIVE',236),
 (1047,NULL,1,'17.25','ACTIVE',237),
 (1048,NULL,1,'10%','ACTIVE',238),
 (1049,NULL,2,'80%','ACTIVE',238),
 (1050,NULL,3,'40%','ACTIVE',238),
 (1051,NULL,1,'20%','ACTIVE',238),
 (1052,NULL,1,'2.8','ACTIVE',239),
 (1053,NULL,1,'10080','ACTIVE',240),
 (1054,NULL,2,'9000','ACTIVE',240),
 (1055,NULL,3,'8000','ACTIVE',240),
 (1056,NULL,1,'10500','ACTIVE',240),
 (1057,NULL,1,'11.39','ACTIVE',241),
 (1058,NULL,1,'4.48','ACTIVE',242),
 (1059,NULL,1,'234.6','ACTIVE',243),
 (1060,NULL,1,'9.53','ACTIVE',244),
 (1061,NULL,1,'4.25','ACTIVE',245),
 (1062,NULL,1,'12','ACTIVE',246),
 (1063,NULL,1,'0.2888','ACTIVE',247),
 (1064,NULL,1,'0.08','ACTIVE',248),
 (1065,NULL,1,'0.28','ACTIVE',249),
 (1066,NULL,1,'0.00013203','ACTIVE',250),
 (1067,NULL,1,'85','ACTIVE',251),
 (1068,NULL,2,'95','ACTIVE',251),
 (1069,NULL,3,'410','ACTIVE',251),
 (1070,NULL,1,'415','ACTIVE',251),
 (1071,NULL,1,'210','ACTIVE',252),
 (1072,NULL,2,'30','ACTIVE',252),
 (1073,NULL,3,'180','ACTIVE',252),
 (1074,NULL,1,'290','ACTIVE',252),
 (1075,NULL,1,'3500','ACTIVE',253),
 (1076,NULL,2,'14000','ACTIVE',253),
 (1077,NULL,3,'4500','ACTIVE',253),
 (1078,NULL,1,'7000','ACTIVE',253),
 (1079,NULL,1,'60','ACTIVE',254),
 (1080,NULL,2,'60.5','ACTIVE',254),
 (1081,NULL,3,'49.5','ACTIVE',254),
 (1082,NULL,1,'50','ACTIVE',254),
 (1083,NULL,1,'3000','ACTIVE',255),
 (1084,NULL,1,'20','ACTIVE',256),
 (1085,NULL,2,'18','ACTIVE',256),
 (1086,NULL,3,'22','ACTIVE',256),
 (1087,NULL,1,'25','ACTIVE',256),
 (1088,NULL,1,'8 : 9','ACTIVE',257),
 (1089,NULL,1,'600','ACTIVE',258),
 (1090,NULL,2,'588','ACTIVE',258),
 (1091,NULL,3,'672','ACTIVE',258),
 (1092,NULL,4,'658','ACTIVE',258),
 (1093,NULL,1,'700','ACTIVE',258),
 (1094,NULL,1,'39, 30','ACTIVE',259),
 (1095,NULL,2,'50, 40','ACTIVE',259),
 (1096,NULL,3,'49, 32','ACTIVE',259),
 (1097,NULL,4,'43, 32','ACTIVE',259),
 (1098,NULL,1,'42, 33','ACTIVE',259),
 (1099,NULL,1,'4.37%','ACTIVE',260),
 (1100,NULL,2,'6.7%','ACTIVE',260),
 (1101,NULL,3,'7%','ACTIVE',260),
 (1102,NULL,4,'4.5%','ACTIVE',260),
 (1103,NULL,1,'5%','ACTIVE',260),
 (1104,NULL,1,'24','ACTIVE',261),
 (1105,NULL,2,'60','ACTIVE',261),
 (1106,NULL,3,'40','ACTIVE',261),
 (1107,NULL,4,'30','ACTIVE',261),
 (1108,NULL,1,'36','ACTIVE',261),
 (1109,NULL,1,'1/100','ACTIVE',262),
 (1110,NULL,2,'10/100','ACTIVE',262),
 (1111,NULL,3,'90/100','ACTIVE',262),
 (1112,NULL,4,'10/100','ACTIVE',262),
 (1113,NULL,1,'1/10','ACTIVE',262),
 (1114,NULL,1,'\\[\\frac{3}{4}\\times34\\]','ACTIVE',263),
 (1115,NULL,2,'\\[\\frac{1}{4}\\times34\\]','ACTIVE',263),
 (1116,NULL,3,'\\[\\frac{2}{4}\\times34\\]','ACTIVE',263),
 (1117,NULL,4,'\\[\\frac{1}{5}\\times34\\]','ACTIVE',263),
 (1118,NULL,1,'\\[\\frac{1}{2}\\times34\\]','ACTIVE',263),
 (1119,NULL,1,'35%','ACTIVE',264),
 (1120,NULL,2,'20%','ACTIVE',264),
 (1121,NULL,3,'30%','ACTIVE',264),
 (1122,NULL,1,'25%','ACTIVE',264),
 (1123,NULL,1,'0..5%','ACTIVE',265),
 (1124,NULL,2,'0.5%','ACTIVE',265),
 (1125,NULL,3,'5%','ACTIVE',265),
 (1126,NULL,4,'500%','ACTIVE',265),
 (1127,NULL,1,'50%','ACTIVE',265),
 (1128,NULL,1,'20%','ACTIVE',266),
 (1129,NULL,2,'2%','ACTIVE',266),
 (1130,NULL,3,'10%','ACTIVE',266),
 (1131,NULL,4,'0.2%','ACTIVE',266),
 (1132,NULL,1,'5%','ACTIVE',266),
 (1133,NULL,1,'40%','ACTIVE',267),
 (1134,NULL,2,'30%','ACTIVE',267),
 (1135,NULL,3,'75%','ACTIVE',267),
 (1136,NULL,1,'60%','ACTIVE',267),
 (1137,NULL,1,'90%','ACTIVE',268),
 (1138,NULL,1,'80%','ACTIVE',269),
 (1139,NULL,1,'25%','ACTIVE',270),
 (1140,NULL,1,'5','ACTIVE',271),
 (1141,NULL,2,'30','ACTIVE',271),
 (1142,NULL,3,'8','ACTIVE',271),
 (1143,NULL,4,'12','ACTIVE',271),
 (1144,NULL,1,'3','ACTIVE',271),
 (1145,NULL,1,'67','ACTIVE',272),
 (1146,NULL,2,'26','ACTIVE',272),
 (1147,NULL,3,'80','ACTIVE',272),
 (1148,NULL,1,'65','ACTIVE',272),
 (1149,NULL,1,'26','ACTIVE',273),
 (1150,NULL,2,'65','ACTIVE',273),
 (1151,NULL,3,'13','ACTIVE',273),
 (1152,NULL,1,'52','ACTIVE',273),
 (1153,NULL,1,'50% of 900 is less','ACTIVE',274),
 (1154,NULL,2,'both are equal','ACTIVE',274),
 (1155,NULL,3,'neither of them','ACTIVE',274),
 (1156,NULL,1,'175% of 236','ACTIVE',274),
 (1157,NULL,1,'13104 kg','ACTIVE',275),
 (1158,NULL,1,'663','ACTIVE',276),
 (1159,NULL,1,'100% decrease','ACTIVE',277),
 (1160,NULL,2,'50% increase','ACTIVE',277),
 (1161,NULL,3,'100% increase','ACTIVE',277),
 (1162,NULL,1,'50% decrease','ACTIVE',277),
 (1163,NULL,1,'66','ACTIVE',278),
 (1164,NULL,1,'20% of a','ACTIVE',279),
 (1165,NULL,2,'5% of a','ACTIVE',279),
 (1166,NULL,3,'25% of a','ACTIVE',279),
 (1167,NULL,1,'4% of a','ACTIVE',279),
 (1168,NULL,1,'135%','ACTIVE',280),
 (1169,NULL,2,'75%','ACTIVE',280),
 (1170,NULL,3,'90%','ACTIVE',280),
 (1171,NULL,1,'150%','ACTIVE',280),
 (1172,NULL,1,'80% 40%','ACTIVE',281),
 (1173,NULL,2,'20% 80%','ACTIVE',281),
 (1174,NULL,3,'40% 20%','ACTIVE',281),
 (1175,NULL,1,'80% 20%','ACTIVE',281),
 (1176,NULL,1,'400','ACTIVE',282),
 (1177,NULL,2,'200','ACTIVE',282),
 (1178,NULL,3,'760','ACTIVE',282),
 (1179,NULL,4,'180','ACTIVE',282),
 (1180,NULL,1,'500 ','ACTIVE',282),
 (1181,NULL,1,'46,464 rupees ','ACTIVE',283),
 (1182,NULL,1,'650','ACTIVE',284),
 (1183,NULL,2,'675','ACTIVE',284),
 (1184,NULL,3,'700','ACTIVE',284),
 (1185,NULL,1,'690','ACTIVE',284),
 (1186,NULL,1,'80%','ACTIVE',285),
 (1187,NULL,2,'75%','ACTIVE',285),
 (1188,NULL,3,'60%','ACTIVE',285),
 (1189,NULL,1,'70%','ACTIVE',285),
 (1190,NULL,1,'125','ACTIVE',286),
 (1191,NULL,2,'135','ACTIVE',286),
 (1192,NULL,3,'145','ACTIVE',286),
 (1193,NULL,1,'155','ACTIVE',286),
 (1194,NULL,1,'20%','ACTIVE',287),
 (1195,NULL,2,'25%','ACTIVE',287),
 (1196,NULL,3,'24%','ACTIVE',287),
 (1197,NULL,4,'22%','ACTIVE',287),
 (1198,NULL,1,'30%','ACTIVE',287),
 (1199,NULL,1,'20,550','ACTIVE',288),
 (1200,NULL,2,'20,600','ACTIVE',288),
 (1201,NULL,3,'20,250','ACTIVE',288),
 (1202,NULL,4,'40,500','ACTIVE',288),
 (1203,NULL,1,'20,500','ACTIVE',288),
 (1204,NULL,1,'35%','ACTIVE',289),
 (1205,NULL,2,'0.35%','ACTIVE',289),
 (1206,NULL,3,'5%','ACTIVE',289),
 (1207,NULL,1,'3.5%','ACTIVE',289),
 (1208,NULL,1,'7.5%','ACTIVE',290),
 (1209,NULL,2,'25%','ACTIVE',290),
 (1210,NULL,3,'60%','ACTIVE',290),
 (1211,NULL,1,'75%','ACTIVE',290),
 (1212,NULL,1,'25%','ACTIVE',291),
 (1213,NULL,2,'50%','ACTIVE',291),
 (1214,NULL,3,'125%','ACTIVE',291),
 (1215,NULL,1,'20%','ACTIVE',291),
 (1216,NULL,1,'5','ACTIVE',292),
 (1217,NULL,2,'0.5','ACTIVE',292),
 (1218,NULL,3,'0.05','ACTIVE',292),
 (1219,NULL,1,'0.005','ACTIVE',292),
 (1220,NULL,1,'232','ACTIVE',293),
 (1221,NULL,2,'242','ACTIVE',293),
 (1222,NULL,3,'262','ACTIVE',293),
 (1223,NULL,4,'272','ACTIVE',293),
 (1224,NULL,1,'252','ACTIVE',293),
 (1225,NULL,1,'333%','ACTIVE',294),
 (1226,NULL,2,'3.33%','ACTIVE',294),
 (1227,NULL,3,'33.33%','ACTIVE',294),
 (1228,NULL,4,'3.33%','ACTIVE',294),
 (1229,NULL,1,'33%','ACTIVE',294),
 (1230,NULL,1,'8%\n','ACTIVE',295),
 (1231,NULL,2,'9%','ACTIVE',295),
 (1232,NULL,3,'11%','ACTIVE',295),
 (1233,NULL,4,'12%','ACTIVE',295),
 (1234,NULL,1,'10%','ACTIVE',295),
 (1235,NULL,1,'10.36','ACTIVE',296),
 (1236,NULL,2,'11.36','ACTIVE',296),
 (1237,NULL,3,'12.36','ACTIVE',296),
 (1238,NULL,4,'8.36','ACTIVE',296),
 (1239,NULL,1,'9.36','ACTIVE',296),
 (1240,NULL,1,'40%','ACTIVE',297),
 (1241,NULL,2,'42%','ACTIVE',297),
 (1242,NULL,3,'46%','ACTIVE',297),
 (1243,NULL,1,'44%','ACTIVE',297),
 (1244,NULL,1,'75','ACTIVE',298),
 (1245,NULL,2,'125','ACTIVE',298),
 (1246,NULL,3,'150','ACTIVE',298),
 (1247,NULL,1,'100','ACTIVE',298),
 (1248,NULL,1,'27','ACTIVE',299),
 (1249,NULL,2,'26','ACTIVE',299),
 (1250,NULL,3,'25','ACTIVE',299),
 (1251,NULL,1,'24','ACTIVE',299),
 (1252,NULL,1,'1.5','ACTIVE',300),
 (1253,NULL,2,'1.7','ACTIVE',300),
 (1254,NULL,3,'1.8','ACTIVE',300),
 (1255,NULL,1,'1.6','ACTIVE',300),
 (1256,NULL,1,'65%','ACTIVE',301),
 (1257,NULL,2,'66%','ACTIVE',301),
 (1258,NULL,3,'67%','ACTIVE',301),
 (1259,NULL,1,'64%','ACTIVE',301),
 (1260,NULL,1,'2z = x','ACTIVE',302),
 (1261,NULL,2,'x = z','ACTIVE',302),
 (1262,NULL,3,'none of them','ACTIVE',302),
 (1263,NULL,1,'z = 2x','ACTIVE',302),
 (1264,NULL,1,'42 , 30','ACTIVE',303),
 (1265,NULL,2,'42 , 31','ACTIVE',303),
 (1266,NULL,3,'42, 32','ACTIVE',303),
 (1267,NULL,1,'42, 33','ACTIVE',303),
 (1268,NULL,1,'140','ACTIVE',304),
 (1269,NULL,2,'150','ACTIVE',304),
 (1270,NULL,3,'90','ACTIVE',304),
 (1271,NULL,1,'180','ACTIVE',304),
 (1272,NULL,1,'5500','ACTIVE',305),
 (1273,NULL,2,'6500','ACTIVE',305),
 (1274,NULL,3,'7000','ACTIVE',305),
 (1275,NULL,1,'6000','ACTIVE',305),
 (1276,NULL,1,'20% increase','ACTIVE',306),
 (1277,NULL,2,'25% decrease','ACTIVE',306),
 (1278,NULL,3,'20% decrease','ACTIVE',306),
 (1279,NULL,1,'25% increase','ACTIVE',306),
 (1280,NULL,1,'65 % decrease ','ACTIVE',307),
 (1281,NULL,2,'65 % increase','ACTIVE',307),
 (1282,NULL,3,'62 % increase','ACTIVE',307),
 (1283,NULL,1,'62 % decrease','ACTIVE',307),
 (1284,NULL,1,'50% decrease ','ACTIVE',308),
 (1285,NULL,2,'5% increase','ACTIVE',308),
 (1286,NULL,3,'5% increase','ACTIVE',308),
 (1287,NULL,1,'50 % increase','ACTIVE',308),
 (1288,NULL,1,'25 % decrease','ACTIVE',309),
 (1289,NULL,2,'50 % increase ','ACTIVE',309),
 (1290,NULL,3,'75 % increase','ACTIVE',309),
 (1291,NULL,1,'75 % decrease','ACTIVE',309),
 (1292,NULL,1,'8% decrease','ACTIVE',310),
 (1293,NULL,2,'8% increase','ACTIVE',310),
 (1294,NULL,3,'20% decrease','ACTIVE',310),
 (1295,NULL,1,'20% increase','ACTIVE',310),
 (1296,NULL,1,'30','ACTIVE',311),
 (1297,NULL,2,'12','ACTIVE',311),
 (1298,NULL,3,'15.5','ACTIVE',311),
 (1299,NULL,1,'18','ACTIVE',311),
 (1300,NULL,1,'20% decrease','ACTIVE',312),
 (1301,NULL,2,'25% decrease','ACTIVE',312),
 (1302,NULL,3,'25% increase','ACTIVE',312),
 (1303,NULL,1,'50% decrease','ACTIVE',312),
 (1304,NULL,1,'8% decrease','ACTIVE',313),
 (1305,NULL,2,'20% decrease','ACTIVE',313),
 (1306,NULL,3,'15% decrease','ACTIVE',313),
 (1307,NULL,1,'25% decrease','ACTIVE',313),
 (1308,NULL,1,'8340','ACTIVE',314),
 (1309,NULL,2,'4120','ACTIVE',314),
 (1310,NULL,3,'4220','ACTIVE',314),
 (1311,NULL,1,'2085','ACTIVE',314),
 (1312,NULL,1,'1200','ACTIVE',315),
 (1313,NULL,2,'1400','ACTIVE',315),
 (1314,NULL,3,'2400','ACTIVE',315),
 (1315,NULL,1,'2500','ACTIVE',315),
 (1316,NULL,1,'20','ACTIVE',316),
 (1317,NULL,2,'30','ACTIVE',316),
 (1318,NULL,3,'40','ACTIVE',316),
 (1319,NULL,1,'10','ACTIVE',316),
 (1320,NULL,1,'0.35%','ACTIVE',317),
 (1321,NULL,2,'0.34%','ACTIVE',317),
 (1322,NULL,3,'0.035%','ACTIVE',317),
 (1323,NULL,1,'0.034%','ACTIVE',317),
 (1324,NULL,1,'16700','ACTIVE',318),
 (1325,NULL,2,'15800','ACTIVE',318),
 (1326,NULL,3,'15700','ACTIVE',318),
 (1327,NULL,1,'16800','ACTIVE',318),
 (1328,NULL,1,'40%','ACTIVE',319),
 (1329,NULL,2,'60%','ACTIVE',319),
 (1330,NULL,3,'70%','ACTIVE',319),
 (1331,NULL,1,'50%','ACTIVE',319),
 (1332,NULL,1,'55%','ACTIVE',320),
 (1333,NULL,2,'56%','ACTIVE',320),
 (1334,NULL,3,'58%','ACTIVE',320),
 (1335,NULL,1,'57%','ACTIVE',320),
 (1336,NULL,1,'39','ACTIVE',321),
 (1337,NULL,2,'91','ACTIVE',321),
 (1338,NULL,3,'29','ACTIVE',321),
 (1339,NULL,1,'26','ACTIVE',321),
 (1340,NULL,1,'140','ACTIVE',322),
 (1341,NULL,2,'150','ACTIVE',322),
 (1342,NULL,3,'270','ACTIVE',322),
 (1343,NULL,1,'180','ACTIVE',322),
 (1344,NULL,1,'6','ACTIVE',323),
 (1345,NULL,2,'7','ACTIVE',323),
 (1346,NULL,3,'8','ACTIVE',323),
 (1347,NULL,1,'5','ACTIVE',323),
 (1348,NULL,1,'100','ACTIVE',324),
 (1349,NULL,2,'2400','ACTIVE',324),
 (1350,NULL,3,'12','ACTIVE',324),
 (1351,NULL,1,'24','ACTIVE',324),
 (1352,NULL,1,'C only','ACTIVE',325),
 (1353,NULL,2,'B only','ACTIVE',325),
 (1354,NULL,3,'A only','ACTIVE',325),
 (1355,NULL,1,'A and B both','ACTIVE',325),
 (1356,NULL,1,'25%','ACTIVE',326),
 (1357,NULL,2,'150%','ACTIVE',326),
 (1358,NULL,3,'200%','ACTIVE',326),
 (1359,NULL,1,'50%','ACTIVE',326),
 (1360,NULL,1,'150','ACTIVE',327),
 (1361,NULL,2,'158','ACTIVE',327),
 (1362,NULL,3,'250','ACTIVE',327),
 (1363,NULL,1,'258','ACTIVE',327),
 (1364,NULL,1,'30','ACTIVE',328),
 (1365,NULL,2,'40','ACTIVE',328),
 (1366,NULL,3,'60','ACTIVE',328),
 (1367,NULL,1,'50','ACTIVE',328),
 (1368,NULL,1,'400','ACTIVE',329),
 (1369,NULL,2,'80','ACTIVE',329),
 (1370,NULL,3,'120','ACTIVE',329),
 (1371,NULL,4,'600','ACTIVE',329),
 (1372,NULL,1,'500','ACTIVE',329),
 (1373,NULL,1,'200','ACTIVE',330),
 (1374,NULL,2,'680','ACTIVE',330),
 (1375,NULL,3,'332','ACTIVE',330),
 (1376,NULL,1,'400','ACTIVE',330),
 (1377,NULL,1,'30','ACTIVE',331),
 (1378,NULL,2,'50','ACTIVE',331),
 (1379,NULL,3,'60','ACTIVE',331),
 (1380,NULL,4,'70','ACTIVE',331),
 (1381,NULL,1,'40','ACTIVE',331),
 (1382,NULL,1,'300','ACTIVE',332),
 (1383,NULL,2,'160','ACTIVE',332),
 (1384,NULL,3,'600','ACTIVE',332),
 (1385,NULL,1,'400','ACTIVE',332),
 (1386,NULL,1,'200','ACTIVE',333),
 (1387,NULL,2,'400','ACTIVE',333),
 (1388,NULL,3,'168','ACTIVE',333),
 (1389,NULL,1,'240','ACTIVE',333),
 (1390,NULL,1,'100 seconds','ACTIVE',334),
 (1391,NULL,2,'1 seconds','ACTIVE',334),
 (1392,NULL,3,'360 seconds','ACTIVE',334),
 (1393,NULL,1,'36 seconds','ACTIVE',334),
 (1394,NULL,1,'7500 grams','ACTIVE',335),
 (1395,NULL,2,'75 grams','ACTIVE',335),
 (1396,NULL,3,'None of these.','ACTIVE',335),
 (1397,NULL,1,'750 grams','ACTIVE',335),
 (1398,NULL,1,'70%','ACTIVE',336),
 (1399,NULL,2,'20%','ACTIVE',336),
 (1400,NULL,3,'10%','ACTIVE',336),
 (1401,NULL,1,'30%','ACTIVE',336),
 (1402,NULL,1,'200','ACTIVE',337),
 (1403,NULL,2,'250','ACTIVE',337),
 (1404,NULL,3,'276','ACTIVE',337),
 (1405,NULL,4,'None of these','ACTIVE',337),
 (1406,NULL,1,'228','ACTIVE',337),
 (1407,NULL,1,'6500','ACTIVE',338),
 (1408,NULL,2,'7500','ACTIVE',338),
 (1409,NULL,3,'9500','ACTIVE',338),
 (1410,NULL,1,'8500','ACTIVE',338),
 (1411,NULL,1,'30%','ACTIVE',339),
 (1412,NULL,2,'23%','ACTIVE',339),
 (1413,NULL,3,'45%','ACTIVE',339),
 (1414,NULL,1,'15%','ACTIVE',339),
 (1415,NULL,1,'20000','ACTIVE',340),
 (1416,NULL,1,'90 Minutes','ACTIVE',341),
 (1417,NULL,2,'60 Minutes','ACTIVE',341),
 (1418,NULL,3,'None of these.','ACTIVE',341),
 (1419,NULL,1,'50 Minutes','ACTIVE',341),
 (1420,NULL,1,'3750','ACTIVE',342),
 (1421,NULL,1,'20','ACTIVE',343),
 (1422,NULL,1,'1020','ACTIVE',344),
 (1423,NULL,1,'0','ACTIVE',345),
 (1424,NULL,2,'0.5','ACTIVE',345),
 (1425,NULL,3,'0.6','ACTIVE',345),
 (1426,NULL,1,'1','ACTIVE',345),
 (1427,NULL,1,'7.2','ACTIVE',346),
 (1428,NULL,1,'0.008','ACTIVE',347),
 (1429,NULL,1,'19.41','ACTIVE',348),
 (1430,NULL,1,'87.9','ACTIVE',349),
 (1431,NULL,1,'656.24','ACTIVE',350),
 (1432,NULL,1,'1.30545','ACTIVE',351),
 (1433,NULL,1,'2.35','ACTIVE',352),
 (1434,NULL,1,'0.524','ACTIVE',353),
 (1435,NULL,1,'4.56','ACTIVE',354),
 (1436,NULL,1,'25.3','ACTIVE',355),
 (1437,NULL,1,'11.56','ACTIVE',356),
 (1438,NULL,1,'1.5','ACTIVE',357),
 (1439,NULL,1,'4','ACTIVE',358),
 (1440,NULL,2,'2.12','ACTIVE',358),
 (1441,NULL,3,'2.5','ACTIVE',358),
 (1442,NULL,1,'2.99','ACTIVE',358),
 (1443,NULL,1,'0.375','ACTIVE',359),
 (1444,NULL,1,'0.212','ACTIVE',360),
 (1445,NULL,2,'0.3','ACTIVE',360),
 (1446,NULL,3,'0.1','ACTIVE',360),
 (1447,NULL,4,'0.4123','ACTIVE',360),
 (1448,NULL,1,'0.1818...','ACTIVE',360),
 (1449,NULL,1,'\\[\\frac{3}{11}\\]','ACTIVE',361),
 (1450,NULL,2,'\\[\\frac{123}{300}\\]','ACTIVE',361),
 (1451,NULL,3,'\\[\\hspace{0.1cm}\\hspace{0.1cm}\\frac{40001}{10000}\\]','ACTIVE',361),
 (1452,NULL,1,'\\[\\frac{146}{25}\\]','ACTIVE',361),
 (1453,NULL,1,'\\[\\frac{4356}{30}\\]','ACTIVE',362),
 (1454,NULL,2,'\\[\\frac{9927}{13}\\]','ACTIVE',362),
 (1455,NULL,3,'\\[\\frac{879876}{23000}\\]','ACTIVE',362),
 (1456,NULL,1,'\\[\\frac{15277}{2000}\\]','ACTIVE',362),
 (1457,NULL,1,'\\[\\frac{300}{119}\\]','ACTIVE',363),
 (1458,NULL,2,'\\[\\frac{19879}{3456}\\]','ACTIVE',363),
 (1459,NULL,3,'\\[\\frac{156789}{2345}\\]','ACTIVE',363),
 (1460,NULL,4,'\\[\\frac{15277}{2000}\\]','ACTIVE',363),
 (1461,NULL,1,'\\[\\frac{100019}{25000}\\]','ACTIVE',363),
 (1462,NULL,1,'\\frac{1500}{43}','ACTIVE',364),
 (1463,NULL,2,'\\frac{89765}{2000}','ACTIVE',364),
 (1464,NULL,3,'\\frac{234}{9}','ACTIVE',364),
 (1465,NULL,1,'\\frac{1187503}{62500}','ACTIVE',364),
 (1466,NULL,1,'\\[\\frac{897}{129}\\]','ACTIVE',365),
 (1467,NULL,2,'\\[\\frac{354}{87}\\]','ACTIVE',365),
 (1468,NULL,3,'\\[\\frac{766}{233}\\]','ACTIVE',365),
 (1469,NULL,1,'\\[\\frac{629}{125}\\]','ACTIVE',365),
 (1470,NULL,1,'0.24','ACTIVE',366),
 (1471,NULL,1,'3.6','ACTIVE',367),
 (1472,NULL,1,'3.14286','ACTIVE',368),
 (1473,NULL,1,'23/100','ACTIVE',369),
 (1474,NULL,2,'62/10','ACTIVE',369),
 (1475,NULL,1,'31/50','ACTIVE',369),
 (1476,NULL,1,'\\[\\frac{1}{2}\\]','ACTIVE',370),
 (1477,NULL,2,'\\[\\frac{1}{3}\\]','ACTIVE',370),
 (1478,NULL,3,'\\[\\frac{1}{5}\\]','ACTIVE',370),
 (1479,NULL,1,'\\[\\frac{1}{4}\\]','ACTIVE',370),
 (1480,NULL,1,'\\[\\frac{33}{100}\\]','ACTIVE',371),
 (1481,NULL,2,'\\[\\frac{66}{50}\\]','ACTIVE',371),
 (1482,NULL,3,'\\[\\frac{66}{100}\\]','ACTIVE',371),
 (1483,NULL,1,'\\[\\frac{33}{50}\\]','ACTIVE',371),
 (1484,NULL,1,'0.18','ACTIVE',372),
 (1485,NULL,2,'0.19','ACTIVE',372),
 (1486,NULL,3,'9','ACTIVE',372),
 (1487,NULL,1,'0.9','ACTIVE',372),
 (1488,'',2,'75%','ACTIVE',270),
 (1489,'',3,'50%','ACTIVE',270),
 (1490,'',4,'None of these.','ACTIVE',270),
 (1491,NULL,1,'\\[\\frac{22}{7}\\]','ACTIVE',373),
 (1492,NULL,2,'\\[\\frac{1}{2}\\]','ACTIVE',373),
 (1493,NULL,3,'\\[\\frac{1}{8}\\]','ACTIVE',373),
 (1494,NULL,1,'\\[\\frac{1}{4}\\]','ACTIVE',373),
 (1495,NULL,1,'\\[\\frac{1}{3}\\]','ACTIVE',374),
 (1496,NULL,2,'\\[\\frac{1}{7}\\]','ACTIVE',374),
 (1497,NULL,3,'\\[\\frac{22}{7}\\]','ACTIVE',374),
 (1498,NULL,1,'\\[\\frac{1}{2}\\]','ACTIVE',374),
 (1499,NULL,1,'\\[\\frac{14}{40}\\],\\[\\frac{13}{20}\\],\\[\\frac{24}{25}\\],\\[\\frac{-1}{2}\\]','ACTIVE',375),
 (1500,NULL,2,'\\[\\frac{-1}{2}\\],\\[\\frac{14}{40}\\],\\[\\frac{13}{20}\\],\\[\\frac{24}{25}\\]','ACTIVE',375),
 (1501,NULL,3,'\\[\\frac{13}{20}\\],\\[\\frac{24}{25}\\],\\[\\frac{14}{40}\\],\\[\\frac{-1}{2}\\]','ACTIVE',375),
 (1502,NULL,1,'\\[\\frac{24}{25}\\],\\[\\frac{13}{20}\\],\\[\\frac{14}{40}\\],\\[\\frac{-1}{2}\\]','ACTIVE',375),
 (1503,NULL,1,'\\[\\frac{2}{3}\\],\\[\\frac{-1}{8}\\],\\[\\frac{-1}{2}\\]','ACTIVE',376),
 (1504,NULL,2,'\\[\\frac{-1}{8}\\],\\[\\frac{-1}{2}\\],\\[\\frac{2}{3}\\]','ACTIVE',376),
 (1505,NULL,1,'\\[\\frac{-1}{2}\\],\\[\\frac{-1}{8}\\],\\[\\frac{2}{3}\\]','ACTIVE',376),
 (1506,NULL,1,'-0.7','ACTIVE',377),
 (1507,NULL,2,'-0.007','ACTIVE',377),
 (1508,NULL,3,'-7','ACTIVE',377),
 (1509,NULL,1,'-0.07','ACTIVE',377),
 (1510,NULL,1,'0.76','ACTIVE',378),
 (1511,NULL,2,'0.19','ACTIVE',378),
 (1512,NULL,3,'0.08','ACTIVE',378),
 (1513,NULL,1,'0.38','ACTIVE',378),
 (1514,NULL,1,'-0.422','ACTIVE',379),
 (1515,NULL,2,'0.422','ACTIVE',379),
 (1516,NULL,3,'4.22','ACTIVE',379),
 (1517,NULL,1,'-4.22','ACTIVE',379),
 (1518,NULL,1,'13.63372','ACTIVE',380),
 (1519,NULL,2,'1.363372','ACTIVE',380),
 (1520,NULL,3,'-1.36672','ACTIVE',380),
 (1521,NULL,1,'-13.63372','ACTIVE',380),
 (1522,NULL,1,'-0.95','ACTIVE',381),
 (1523,'',5,'360','ACTIVE',304),
 (1524,NULL,1,'Rs 300','ACTIVE',382),
 (1525,NULL,2,'Rs 435.0','ACTIVE',382),
 (1526,NULL,3,'Rs 759.0','ACTIVE',382),
 (1527,NULL,1,'Rs 357.5','ACTIVE',382),
 (1528,NULL,1,'\\[\\frac{26}{100}\\]','ACTIVE',383),
 (1529,NULL,2,'\\[\\frac{13}{20}\\]','ACTIVE',383),
 (1530,NULL,3,'\\[\\frac{26}{50}\\]','ACTIVE',383),
 (1531,NULL,1,'\\[\\frac{13}{50}\\]','ACTIVE',383),
 (1532,NULL,1,'\\[\\frac{915}{1000}\\]','ACTIVE',384),
 (1533,NULL,2,'\\[\\frac{915}{50}\\]','ACTIVE',384),
 (1534,NULL,3,'\\[\\frac{183}{100}\\]','ACTIVE',384),
 (1535,NULL,1,'\\[\\frac{183}{20}\\]','ACTIVE',384),
 (1536,NULL,1,'\\[\\frac{125}{10}\\]','ACTIVE',385),
 (1537,NULL,2,'\\[\\frac{125}{1000}\\]','ACTIVE',385),
 (1538,NULL,1,'\\[\\frac{5}{4}\\]','ACTIVE',385),
 (1539,NULL,1,'\\[\\frac{85}{100}\\]','ACTIVE',386),
 (1540,NULL,2,'\\[\\frac{85}{1000}\\]','ACTIVE',386),
 (1541,NULL,3,'\\[\\frac{17}{20}\\]','ACTIVE',386),
 (1542,NULL,1,'\\[\\frac{17}{2}\\]','ACTIVE',386),
 (1543,NULL,1,'0.26','ACTIVE',387),
 (1544,NULL,1,'0.46','ACTIVE',388),
 (1545,NULL,1,'1.86','ACTIVE',389),
 (1546,NULL,1,'0.433','ACTIVE',390),
 (1547,NULL,1,'0.217','ACTIVE',391),
 (1548,NULL,1,'0.0032','ACTIVE',392),
 (1549,NULL,2,'0-.0000032','ACTIVE',392),
 (1550,NULL,3,'0.000032','ACTIVE',392),
 (1551,NULL,1,'0.00032','ACTIVE',392),
 (1552,NULL,1,'-0.8, -0.9, -1.1, 2.2, 3.4, 5.67','ACTIVE',393),
 (1553,NULL,2,'-4.8, -9.9, -1.1, 26.2, 3.4, 5.67','ACTIVE',393),
 (1554,NULL,3,'-0.5, -0.9, -1.1, 2.24, 3.47, 5.67','ACTIVE',393),
 (1555,NULL,4,'-0.7, -0.9, -1.11, 2.2, 3.4, 5.67','ACTIVE',393),
 (1556,NULL,1,'-0.9, -0.88, -0.45, -0.5, 0.001, 1.23, 1.234, 1.2345, 1.7','ACTIVE',393),
 (1557,NULL,1,'1/16','ACTIVE',394),
 (1558,NULL,2,'1/12','ACTIVE',394),
 (1559,NULL,3,'3/24','ACTIVE',394),
 (1560,NULL,4,'91/5','ACTIVE',394),
 (1561,NULL,1,'1/19','ACTIVE',394),
 (1562,'',2,'14000 Kg','ACTIVE',275),
 (1563,'',3,'3400 Kg','ACTIVE',275),
 (1564,'',4,'13014 Kg','ACTIVE',275),
 (1565,'',2,'45,600 rupees','ACTIVE',283),
 (1566,'',3,'52,800 rupees','ACTIVE',283),
 (1567,'',4,'None of these.','ACTIVE',283),
 (1568,'',2,'20%','ACTIVE',269),
 (1569,'',3,'50%','ACTIVE',269),
 (1570,'',4,'90%','ACTIVE',269),
 (1571,'',5,'10%','ACTIVE',269),
 (1572,'',5,'Cannot be determined','ACTIVE',285),
 (1573,'',2,'30','ACTIVE',343),
 (1574,'',3,'25','ACTIVE',343),
 (1575,'',4,'10','ACTIVE',343),
 (1576,NULL,1,'50 %','ACTIVE',395),
 (1577,NULL,2,'\\[43\\frac{1}{2}\\hspace{0.1cm}\\%\\]','ACTIVE',395),
 (1578,NULL,3,'25 %','ACTIVE',395),
 (1579,NULL,1,'\\[33\\frac{1}{3}\\hspace{0.1cm}\\%\\]','ACTIVE',395),
 (1580,NULL,1,'5%','ACTIVE',396),
 (1581,NULL,2,'4%','ACTIVE',396),
 (1582,NULL,3,'3.5%','ACTIVE',396),
 (1583,NULL,1,'3%','ACTIVE',396),
 (1584,NULL,1,'\\[16\\frac{1}{3}\\%\\hspace{0.1cm}loss\\]','ACTIVE',397),
 (1585,NULL,2,'\\[19\\frac{2}{3}\\%\\hspace{0.1cm}profit\\]','ACTIVE',397),
 (1586,NULL,3,'20% profit','ACTIVE',397),
 (1587,NULL,1,'\\[16\\frac{2}{3}\\%\\hspace{0.1cm}loss\\]','ACTIVE',397),
 (1588,NULL,1,'50%','ACTIVE',398),
 (1589,NULL,2,'40%','ACTIVE',398),
 (1590,NULL,3,'10%','ACTIVE',398),
 (1591,NULL,4,'20%','ACTIVE',398),
 (1592,NULL,1,'25%','ACTIVE',398),
 (1593,NULL,1,'2% profit','ACTIVE',399),
 (1594,NULL,2,'44% loss','ACTIVE',399),
 (1595,NULL,3,'30% loss','ACTIVE',399),
 (1596,NULL,4,'25% loss','ACTIVE',399),
 (1597,NULL,1,'44% profit','ACTIVE',399),
 (1598,NULL,1,'25% loss','ACTIVE',400),
 (1599,NULL,2,'2% loss','ACTIVE',400),
 (1600,NULL,3,'2% profit','ACTIVE',400),
 (1601,NULL,4,'25% profit','ACTIVE',400),
 (1602,NULL,1,'40% profit','ACTIVE',400),
 (1603,NULL,1,'Buying price is Rs 250','ACTIVE',401),
 (1604,NULL,2,'Buying price is Rs 300','ACTIVE',401),
 (1605,NULL,3,'Buying price is Rs 150','ACTIVE',401),
 (1606,NULL,4,'Buying price is Rs 400','ACTIVE',401),
 (1607,NULL,1,'Buying price is Rs 200','ACTIVE',401),
 (1608,NULL,1,'Rs 12,000','ACTIVE',402),
 (1609,NULL,2,'Rs 11,405','ACTIVE',402),
 (1610,NULL,3,'Rs 13,000','ACTIVE',402),
 (1611,NULL,4,'Rs 12,500','ACTIVE',402),
 (1612,NULL,1,'Rs 12,600','ACTIVE',402),
 (1613,NULL,1,'1% gain','ACTIVE',403),
 (1614,NULL,2,'1.5% loss','ACTIVE',403),
 (1615,NULL,3,'2% gain','ACTIVE',403),
 (1616,NULL,4,'2% loss','ACTIVE',403),
 (1617,NULL,1,'1% loss','ACTIVE',403),
 (1618,NULL,1,'\\[55\\frac{1}{3}\\%\\]','ACTIVE',404),
 (1619,NULL,2,'\\[60\\frac{1}{3}\\%\\]','ACTIVE',404),
 (1620,NULL,3,'\\[50\\frac{2}{3}\\%\\]','ACTIVE',404),
 (1621,NULL,4,'\\[70\\frac{1}{3}\\%\\]','ACTIVE',404),
 (1622,NULL,1,'\\[66\\frac{2}{3}\\%\\]','ACTIVE',404),
 (1623,NULL,1,'Rs 5,000','ACTIVE',405),
 (1624,NULL,2,'Rs 12,500','ACTIVE',405),
 (1625,NULL,3,'Rs 12000','ACTIVE',405),
 (1626,NULL,4,'Rs 13,000','ACTIVE',405),
 (1627,NULL,1,'Rs 10,000','ACTIVE',405),
 (1628,NULL,1,'Rs 6000','ACTIVE',406),
 (1629,NULL,2,'Rs 5500','ACTIVE',406),
 (1630,NULL,3,'Rs 3500','ACTIVE',406),
 (1631,NULL,1,'Rs 5000','ACTIVE',406),
 (1632,NULL,1,'19%','ACTIVE',407),
 (1633,NULL,2,'25%','ACTIVE',407),
 (1634,NULL,3,'24%','ACTIVE',407),
 (1635,NULL,1,'23.75%','ACTIVE',407),
 (1636,NULL,1,'2% profit','ACTIVE',408),
 (1637,NULL,2,'2% loss','ACTIVE',408),
 (1638,NULL,3,'1% profit','ACTIVE',408),
 (1639,NULL,1,'1% loss','ACTIVE',408),
 (1640,NULL,1,'1) 5% Loss\n2) Rs 30 as the selling price of 12 dozen eggs','ACTIVE',409),
 (1641,NULL,2,'1) 3% Loss\n2) Rs 30 as the selling price of 12 dozen eggs','ACTIVE',409),
 (1642,NULL,3,'1) 5% Loss\n2) Rs 40 as the selling price of 12 dozen eggs','ACTIVE',409),
 (1643,NULL,1,'1) 4% Loss\n2) Rs 34.56 as the selling price of 12 dozen eggs','ACTIVE',409),
 (1644,NULL,1,'C.P of first fan = Rs 1600\nC.P of second fan = Rs 2000','ACTIVE',410),
 (1645,NULL,2,'C.P of first fan = Rs 1500\nC.P of second fan = Rs 2010','ACTIVE',410),
 (1646,NULL,3,'C.P of first fan = Rs 1400\nC.P of second fan = Rs 3000','ACTIVE',410),
 (1647,NULL,1,'C.P of first fan = Rs 1592.5\nC.P of second fan = Rs 2012.5','ACTIVE',410),
 (1648,NULL,1,'10%','ACTIVE',411),
 (1649,NULL,2,'18%','ACTIVE',411),
 (1650,NULL,3,'20%','ACTIVE',411),
 (1651,NULL,1,'25%','ACTIVE',411),
 (1652,NULL,1,'18%','ACTIVE',412),
 (1653,NULL,2,'20%','ACTIVE',412),
 (1654,NULL,3,'30%','ACTIVE',412),
 (1655,NULL,1,'25%','ACTIVE',412),
 (1656,NULL,1,'\\[40\\frac{2}{3}\\%\\]','ACTIVE',413),
 (1657,NULL,2,'\\[66\\frac{2}{3}\\%\\]','ACTIVE',413),
 (1658,NULL,3,'\\[30\\frac{2}{3}\\%\\]','ACTIVE',413),
 (1659,NULL,4,'\\[25\\frac{1}{3}\\%\\]','ACTIVE',413),
 (1660,NULL,1,'\\[33\\frac{1}{3}\\%\\]','ACTIVE',413),
 (1661,NULL,1,'5% loss','ACTIVE',414),
 (1662,NULL,2,'4% gain','ACTIVE',414),
 (1663,NULL,3,'5% gain','ACTIVE',414),
 (1664,NULL,4,'60% loss','ACTIVE',414),
 (1665,NULL,1,'4% loss','ACTIVE',414),
 (1666,NULL,1,'Rs 60,000','ACTIVE',415),
 (1667,NULL,2,'Rs 40,000','ACTIVE',415),
 (1668,NULL,3,'Rs 45,000','ACTIVE',415),
 (1669,NULL,4,'Rs 50,000','ACTIVE',415),
 (1670,NULL,1,'Rs 42,000','ACTIVE',415),
 (1671,NULL,1,'Rs 600','ACTIVE',416),
 (1672,NULL,2,'Rs 760','ACTIVE',416),
 (1673,NULL,3,'Rs 761','ACTIVE',416),
 (1674,NULL,1,'Rs 561','ACTIVE',416),
 (1675,NULL,1,'Rs 3,50,000','ACTIVE',422),
 (1676,NULL,2,'Rs 4,00,000','ACTIVE',422),
 (1677,NULL,3,'Rs 2,50,000','ACTIVE',422),
 (1678,NULL,4,'Rs 3,00,000','ACTIVE',422),
 (1679,NULL,1,'Rs 2,00,000','ACTIVE',422),
 (1680,NULL,1,'Rs 145, Rs 160','ACTIVE',423),
 (1681,NULL,2,'Rs 156, Rs 160','ACTIVE',423),
 (1682,NULL,3,'Rs 155, Rs 161','ACTIVE',423),
 (1683,NULL,1,'Rs 156, Rs 159','ACTIVE',423),
 (1684,NULL,1,'Rs 55.20','ACTIVE',424),
 (1685,NULL,2,'Rs 50.80','ACTIVE',424),
 (1686,NULL,3,'Rs 55','ACTIVE',424),
 (1687,NULL,4,'Rs 51','ACTIVE',424),
 (1688,NULL,1,'Rs 50.40','ACTIVE',424),
 (1689,NULL,1,'20%','ACTIVE',425),
 (1690,NULL,2,'70%','ACTIVE',425),
 (1691,NULL,3,'30%','ACTIVE',425),
 (1692,NULL,1,'80%','ACTIVE',425),
 (1693,NULL,1,'Profit 15%','ACTIVE',426),
 (1694,NULL,2,'Loss 15%','ACTIVE',426),
 (1695,NULL,3,'Loss 10%','ACTIVE',426),
 (1696,NULL,1,'Profit 10%','ACTIVE',426),
 (1697,NULL,1,'Loss 10%','ACTIVE',427),
 (1698,NULL,2,'Gain 15%','ACTIVE',427),
 (1699,NULL,3,'Loss 15%','ACTIVE',427),
 (1700,NULL,1,'Gan 10%','ACTIVE',427),
 (1701,NULL,1,'Rs 150','ACTIVE',428),
 (1702,NULL,2,'Rs 155','ACTIVE',428),
 (1703,NULL,3,'Rs 170','ACTIVE',428),
 (1704,NULL,4,'Rs 200','ACTIVE',428),
 (1705,NULL,1,'Rs 165','ACTIVE',428),
 (1706,NULL,1,'Rs 18','ACTIVE',429),
 (1707,NULL,2,'Rs 20','ACTIVE',429),
 (1708,NULL,3,'Rs 16','ACTIVE',429),
 (1709,NULL,1,'Rs 17','ACTIVE',429),
 (1710,NULL,1,'Rs 800','ACTIVE',430),
 (1711,NULL,2,'Rs 1000','ACTIVE',430),
 (1712,NULL,3,'Rs 600.50','ACTIVE',430),
 (1713,NULL,4,'Rs 400.45','ACTIVE',430),
 (1714,NULL,1,'Rs 632.50','ACTIVE',430),
 (1715,NULL,1,'30%','ACTIVE',431),
 (1716,NULL,2,'25%','ACTIVE',431),
 (1717,NULL,3,'26%','ACTIVE',431),
 (1718,NULL,1,'28%','ACTIVE',431),
 (1719,NULL,1,'Rs 500','ACTIVE',432),
 (1720,NULL,2,'Rs 600','ACTIVE',432),
 (1721,NULL,3,'Rs 475','ACTIVE',432),
 (1722,NULL,1,'Rs 480','ACTIVE',432),
 (1723,NULL,1,'Rs 6460','ACTIVE',433),
 (1724,NULL,2,'Rs 8000','ACTIVE',433),
 (1725,NULL,3,'Rs 7500','ACTIVE',433),
 (1726,NULL,4,'Rs 7600','ACTIVE',433),
 (1727,NULL,1,'Rs 7480','ACTIVE',433),
 (1728,NULL,1,'\\[20\\frac{2}{3}\\%\\]','ACTIVE',434),
 (1729,NULL,2,'\\[17\\frac{2}{3}\\%\\]','ACTIVE',434),
 (1730,NULL,3,'18%','ACTIVE',434),
 (1731,NULL,1,'\\[16\\frac{2}{3}\\%\\]','ACTIVE',434),
 (1732,NULL,1,'Rs 500','ACTIVE',435),
 (1733,NULL,2,'Rs 490','ACTIVE',435),
 (1734,NULL,3,'Rs 505','ACTIVE',435),
 (1735,NULL,4,'Rs 510','ACTIVE',435),
 (1736,NULL,1,'Rs 495','ACTIVE',435),
 (1737,NULL,1,'10%','ACTIVE',436),
 (1738,NULL,2,'18%','ACTIVE',436),
 (1739,NULL,3,'20%','ACTIVE',436),
 (1740,NULL,4,'5%','ACTIVE',436),
 (1741,NULL,1,'15%','ACTIVE',436),
 (1742,NULL,1,'Rs 9500','ACTIVE',437),
 (1743,NULL,2,'Rs 11,000','ACTIVE',437),
 (1744,NULL,3,'R 9,600','ACTIVE',437),
 (1745,NULL,4,'Rs 8000','ACTIVE',437),
 (1746,NULL,1,'Rs 10,000','ACTIVE',437),
 (1747,NULL,1,'7%','ACTIVE',438),
 (1748,NULL,2,'9%','ACTIVE',438),
 (1749,NULL,3,'8.5%','ACTIVE',438),
 (1750,NULL,4,'10%','ACTIVE',438),
 (1751,NULL,1,'8%','ACTIVE',438),
 (1752,NULL,1,'24%','ACTIVE',439),
 (1753,NULL,2,'15%','ACTIVE',439),
 (1754,NULL,3,'30%','ACTIVE',439),
 (1755,NULL,1,'25%','ACTIVE',439),
 (1756,NULL,1,'Rs 1260','ACTIVE',440),
 (1757,NULL,2,'Rs 800','ACTIVE',440),
 (1758,NULL,3,'Rs 1300','ACTIVE',440),
 (1759,NULL,4,'Rs 1000','ACTIVE',440),
 (1760,NULL,1,'Rs 900','ACTIVE',440),
 (1761,NULL,1,'Rs 3020','ACTIVE',441),
 (1762,NULL,2,'Rs 2080','ACTIVE',441),
 (1763,NULL,3,'Rs 3000','ACTIVE',441),
 (1764,NULL,4,'Rs 5000','ACTIVE',441),
 (1765,NULL,1,'Rs 4000','ACTIVE',441),
 (1766,NULL,1,'Rs 1250','ACTIVE',442),
 (1767,NULL,2,'Rs 1600','ACTIVE',442),
 (1768,NULL,3,'Rs 1400','ACTIVE',442),
 (1769,NULL,1,'Rs 1320','ACTIVE',442),
 (1770,NULL,1,'Rs 100 discount and Rs 600 actually paid','ACTIVE',443),
 (1771,NULL,2,'Rs 80 discount and Rs 550 actually paid','ACTIVE',443),
 (1772,NULL,3,'Rs 85 discount and Rs 560 actually paid','ACTIVE',443),
 (1773,NULL,1,'Rs 90 discount and Rs 510 actually paid','ACTIVE',443),
 (1774,NULL,1,'Discount: Rs 400, Amount paid: Rs 5500','ACTIVE',444),
 (1775,NULL,2,'Discount: Rs 200, Amount paid: Rs 6000','ACTIVE',444),
 (1776,NULL,3,'Discount: Rs 400, Amount paid: Rs 5800','ACTIVE',444),
 (1777,NULL,4,'Discount: Rs 500, Amount paid: Rs 6100','ACTIVE',444),
 (1778,NULL,1,'Discount: Rs 300, Amount paid: Rs 5700','ACTIVE',444),
 (1779,NULL,1,'22%','ACTIVE',445),
 (1780,NULL,2,'30%','ACTIVE',445),
 (1781,NULL,3,'25%','ACTIVE',445),
 (1782,NULL,1,'20%','ACTIVE',445),
 (1783,NULL,1,'20%','ACTIVE',446),
 (1784,NULL,2,'24%','ACTIVE',446),
 (1785,NULL,3,'30%','ACTIVE',446),
 (1786,NULL,4,'28%','ACTIVE',446),
 (1787,NULL,1,'25%','ACTIVE',446),
 (1788,NULL,1,'Rs 3090','ACTIVE',447),
 (1789,NULL,2,'Rs 1800','ACTIVE',447),
 (1790,NULL,3,'Rs 1950','ACTIVE',447),
 (1791,NULL,1,'Rs 2000','ACTIVE',447),
 (1792,NULL,1,'Rs 4800','ACTIVE',448),
 (1793,NULL,2,'Rs 4500','ACTIVE',448),
 (1794,NULL,3,'Rs 5100','ACTIVE',448),
 (1795,NULL,1,'Rs 5000','ACTIVE',448),
 (1796,NULL,1,'15%','ACTIVE',449),
 (1797,NULL,2,'12%','ACTIVE',449),
 (1798,NULL,3,'20%','ACTIVE',449),
 (1799,NULL,4,'15.5%','ACTIVE',449),
 (1800,NULL,1,'10.5%','ACTIVE',449),
 (1801,NULL,1,'Rs 6,00,000','ACTIVE',450),
 (1802,NULL,2,'Rs 9,00,000','ACTIVE',450),
 (1803,NULL,3,'Rs 7,50,000','ACTIVE',450),
 (1804,NULL,1,'Rs 8,80,000','ACTIVE',450),
 (1805,NULL,1,'8','ACTIVE',451),
 (1806,NULL,2,'8/10','ACTIVE',451),
 (1807,NULL,3,'1','ACTIVE',451),
 (1808,NULL,1,'1/8','ACTIVE',451),
 (1809,NULL,1,'1','ACTIVE',452),
 (1810,NULL,2,'\\[\\frac{10}{9}\\]','ACTIVE',452),
 (1811,NULL,3,'\\[\\frac{9}{10}\\]','ACTIVE',452),
 (1812,NULL,1,'10','ACTIVE',452),
 (1813,NULL,1,'1/6','ACTIVE',453),
 (1814,NULL,2,'36','ACTIVE',453),
 (1815,NULL,3,'25','ACTIVE',453),
 (1816,NULL,1,'6','ACTIVE',453),
 (1817,NULL,1,'\\[\\frac{13}{12}\\]','ACTIVE',454),
 (1818,NULL,2,'9','ACTIVE',454),
 (1819,NULL,3,'\\[\\frac{1}{9}\\]','ACTIVE',454),
 (1820,NULL,1,'\\[\\frac{12}{13}\\]','ACTIVE',454),
 (1821,NULL,1,'37','ACTIVE',455),
 (1822,NULL,2,'60','ACTIVE',455),
 (1823,NULL,3,'\\[\\frac{1}{4}\\]','ACTIVE',455),
 (1824,NULL,1,'4','ACTIVE',455),
 (1825,NULL,1,'\\[\\frac{1}{15}\\]','ACTIVE',456),
 (1826,NULL,2,'4','ACTIVE',456),
 (1827,NULL,3,'15 ','ACTIVE',456),
 (1828,NULL,1,'16','ACTIVE',456),
 (1829,NULL,1,'\\[\\frac{1}{12}\\]','ACTIVE',457),
 (1830,NULL,2,'21','ACTIVE',457),
 (1831,NULL,3,'29','ACTIVE',457),
 (1832,NULL,1,'12','ACTIVE',457),
 (1833,NULL,1,'47','ACTIVE',458),
 (1834,NULL,2,'60','ACTIVE',458),
 (1835,NULL,3,'20','ACTIVE',458),
 (1836,NULL,1,'10','ACTIVE',458),
 (1837,NULL,1,'22','ACTIVE',459),
 (1838,NULL,2,'\\[\\frac{5}{48}\\]','ACTIVE',459),
 (1839,NULL,3,'10','ACTIVE',459),
 (1840,NULL,1,'\\[\\frac{48}{5}\\]','ACTIVE',459),
 (1841,NULL,1,'4','ACTIVE',460),
 (1842,NULL,2,'6','ACTIVE',460),
 (1843,NULL,3,'8','ACTIVE',460),
 (1844,NULL,4,'none of these','ACTIVE',460),
 (1845,NULL,1,'12','ACTIVE',460),
 (1846,NULL,1,'7 hours 30 minutes','ACTIVE',461),
 (1847,NULL,2,'8 hours','ACTIVE',461),
 (1848,NULL,3,'8 hours 25 minutes','ACTIVE',461),
 (1849,NULL,1,'8 hours 15 minutes','ACTIVE',461),
 (1850,NULL,1,'4 hours','ACTIVE',462),
 (1851,NULL,2,'5 hours','ACTIVE',462),
 (1852,NULL,3,'7 hours','ACTIVE',462),
 (1853,NULL,1,'6 hours','ACTIVE',462),
 (1854,NULL,1,'\\[\\frac{61}{11}\\]','ACTIVE',463),
 (1855,NULL,2,'\\[\\frac{71}{11}\\]','ACTIVE',463),
 (1856,NULL,3,'\\[\\frac{72}{11}\\]','ACTIVE',463),
 (1857,NULL,1,'\\[\\frac{60}{11}\\]','ACTIVE',463),
 (1858,NULL,1,'5 minutes','ACTIVE',464),
 (1859,NULL,2,'30 minutes','ACTIVE',464),
 (1860,NULL,3,'20 minutes','ACTIVE',464),
 (1861,NULL,1,'10 minutes','ACTIVE',464),
 (1862,NULL,1,'\\[\\frac{1}{10}\\]','ACTIVE',465),
 (1863,NULL,2,'\\[\\frac{7}{15}\\]','ACTIVE',465),
 (1864,NULL,3,'\\[\\frac{8}{15}\\]','ACTIVE',465),
 (1865,NULL,1,'\\[\\frac{1}{4}\\]','ACTIVE',465),
 (1866,NULL,1,'20 days','ACTIVE',466),
 (1867,NULL,2,'25 days','ACTIVE',466),
 (1868,NULL,3,'30 days','ACTIVE',466),
 (1869,NULL,1,'22.5 days','ACTIVE',466),
 (1870,NULL,1,'600','ACTIVE',467),
 (1871,NULL,2,'800','ACTIVE',467),
 (1872,NULL,3,'375','ACTIVE',467),
 (1873,NULL,1,'400','ACTIVE',467),
 (1874,NULL,1,'8 hours','ACTIVE',468),
 (1875,NULL,2,'10 hours','ACTIVE',468),
 (1876,NULL,3,'24 hours','ACTIVE',468),
 (1877,NULL,1,'12 hours','ACTIVE',468),
 (1878,NULL,1,'15','ACTIVE',469),
 (1879,NULL,2,'20','ACTIVE',469),
 (1880,NULL,3,'30','ACTIVE',469),
 (1881,NULL,1,'25','ACTIVE',469),
 (1882,NULL,1,'23','ACTIVE',470),
 (1883,NULL,2,'37','ACTIVE',470),
 (1884,NULL,3,'40','ACTIVE',470),
 (1885,NULL,1,'37.5','ACTIVE',470),
 (1886,NULL,1,'5','ACTIVE',471),
 (1887,NULL,2,'8','ACTIVE',471),
 (1888,NULL,3,'5.5','ACTIVE',471),
 (1889,NULL,1,'6','ACTIVE',471),
 (1890,NULL,1,'40 ','ACTIVE',472),
 (1891,NULL,2,'50','ACTIVE',472),
 (1892,NULL,3,'54','ACTIVE',472),
 (1893,NULL,1,'60','ACTIVE',472),
 (1894,NULL,1,'3','ACTIVE',473),
 (1895,NULL,2,'5','ACTIVE',473),
 (1896,NULL,3,'cannot be determined','ACTIVE',473),
 (1897,NULL,4,'none of these','ACTIVE',473),
 (1898,NULL,1,'7','ACTIVE',473),
 (1899,NULL,1,'6','ACTIVE',474),
 (1900,NULL,2,'15','ACTIVE',474),
 (1901,NULL,3,'20','ACTIVE',474),
 (1902,NULL,1,'10','ACTIVE',474),
 (1903,NULL,1,'\\[\\frac{1}{24}\\]','ACTIVE',475),
 (1904,NULL,2,'\\[\\frac{7}{24}\\]','ACTIVE',475),
 (1905,NULL,1,'\\[\\frac{24}{7}\\]','ACTIVE',475),
 (1906,NULL,1,'4','ACTIVE',476),
 (1907,NULL,2,'8','ACTIVE',476),
 (1908,NULL,3,'12','ACTIVE',476),
 (1909,NULL,1,'6','ACTIVE',476),
 (1910,NULL,1,'42','ACTIVE',477),
 (1911,NULL,2,'189','ACTIVE',477),
 (1912,NULL,1,'147','ACTIVE',477),
 (1913,NULL,1,'\\[\\frac{4}{9}\\]','ACTIVE',478),
 (1914,NULL,2,'\\[\\frac{31}{9}\\]','ACTIVE',478),
 (1915,NULL,3,'\\[\\frac{22}{9}\\]','ACTIVE',478),
 (1916,NULL,1,'\\[\\frac{40}{9}\\]','ACTIVE',478),
 (1917,NULL,1,'\\[\\frac{1}{5}\\]','ACTIVE',479),
 (1918,NULL,2,'\\[\\frac{1}{7}\\]','ACTIVE',479),
 (1919,NULL,3,'\\[\\frac{1}{8}\\]','ACTIVE',479),
 (1920,NULL,1,'\\[\\frac{1}{6}\\]','ACTIVE',479),
 (1921,NULL,1,'\\[\\frac{16}{5}\\]','ACTIVE',480),
 (1922,NULL,2,'\\[\\frac{17}{5}\\]','ACTIVE',480),
 (1923,NULL,3,'\\[\\frac{19}{5}\\]','ACTIVE',480),
 (1924,NULL,1,'\\[\\frac{18}{5}\\]','ACTIVE',480),
 (1925,NULL,1,'7012 rupees','ACTIVE',481),
 (1926,NULL,2,'6812 rupees','ACTIVE',481),
 (1927,NULL,3,'864 rupees','ACTIVE',481),
 (1928,NULL,1,'6912 rupees','ACTIVE',481),
 (1929,NULL,1,'22 days','ACTIVE',482),
 (1930,NULL,2,'20 days','ACTIVE',482),
 (1931,NULL,3,'160 days','ACTIVE',482),
 (1932,NULL,1,'32 days','ACTIVE',482),
 (1933,NULL,1,'726','REVIEW_PENDING',483),
 (1934,NULL,1,'4:5','REVIEW_PENDING',484),
 (1935,NULL,1,'2000','REVIEW_PENDING',485),
 (1936,NULL,1,'2:3:4','REVIEW_PENDING',486),
 (1937,NULL,1,'60','REVIEW_PENDING',487),
 (1938,NULL,1,'21:22','REVIEW_PENDING',488),
 (1939,NULL,1,'1.8','REVIEW_PENDING',489),
 (1940,NULL,1,'20','REVIEW_PENDING',490),
 (1941,NULL,1,'24','REVIEW_PENDING',491),
 (1942,NULL,1,'8:12:9','REVIEW_PENDING',492),
 (1943,NULL,1,'16:24:30:35','REVIEW_PENDING',493),
 (1944,NULL,1,'4','REVIEW_PENDING',494),
 (1945,NULL,1,'16:5','REVIEW_PENDING',495),
 (1946,NULL,1,'23:33:60','REVIEW_PENDING',496),
 (1947,NULL,1,'330','REVIEW_PENDING',497),
 (1948,NULL,1,'8540','REVIEW_PENDING',498),
 (1949,NULL,1,'40','REVIEW_PENDING',499),
 (1950,NULL,1,'408','REVIEW_PENDING',500),
 (1951,NULL,1,'10','REVIEW_PENDING',501),
 (1952,NULL,1,'40','REVIEW_PENDING',502),
 (1953,NULL,1,'10','REVIEW_PENDING',503),
 (1954,NULL,1,'Rs 600','ACTIVE',504),
 (1955,NULL,2,'Rs 520','ACTIVE',504),
 (1956,NULL,3,'Rs 550','ACTIVE',504),
 (1957,NULL,4,'Rs 475','ACTIVE',504),
 (1958,NULL,1,'Rs 500','ACTIVE',504),
 (1959,NULL,1,'Rs 800','ACTIVE',505),
 (1960,NULL,2,'Rs 1000','ACTIVE',505),
 (1961,NULL,3,'Rs1082','ACTIVE',505),
 (1962,NULL,1,'Rs 787.50','ACTIVE',505),
 (1963,NULL,1,'Rs 600','ACTIVE',506),
 (1964,NULL,2,'Rs 800','ACTIVE',506),
 (1965,NULL,3,'Rs 750','ACTIVE',506),
 (1966,NULL,1,'Rs 720','ACTIVE',506),
 (1967,NULL,1,'Rs 15','ACTIVE',507),
 (1968,NULL,2,'Rs 200','ACTIVE',507),
 (1969,NULL,3,'Rs 150','ACTIVE',507),
 (1970,NULL,4,'Rs 120','ACTIVE',507),
 (1971,NULL,1,'Rs 108','ACTIVE',507),
 (1972,NULL,1,'43%','ACTIVE',508),
 (1973,NULL,2,'38%','ACTIVE',508),
 (1974,NULL,3,'25%','ACTIVE',508),
 (1975,NULL,4,'45%','ACTIVE',508),
 (1976,NULL,1,'53%','ACTIVE',508),
 (1977,NULL,1,'Rs 4500','ACTIVE',509),
 (1978,NULL,2,'Rs 4000','ACTIVE',509),
 (1979,NULL,3,'Rs 2500','ACTIVE',509),
 (1980,NULL,4,'Rs 3800','ACTIVE',509),
 (1981,NULL,1,'Rs 3500','ACTIVE',509),
 (1982,NULL,1,'Rs 3500','ACTIVE',510),
 (1983,NULL,2,'Rs 3200','ACTIVE',510),
 (1984,NULL,3,'Rs 3000','ACTIVE',510),
 (1985,NULL,4,'Rs 2800','ACTIVE',510),
 (1986,NULL,1,'Rs 2500','ACTIVE',510),
 (1987,NULL,1,'Rs 509','ACTIVE',511),
 (1988,NULL,2,'Rs 500','ACTIVE',511),
 (1989,NULL,3,'Rs 480','ACTIVE',511),
 (1990,NULL,4,'Rs 450','ACTIVE',511),
 (1991,NULL,1,'Rs 475','ACTIVE',511),
 (1992,NULL,1,'Rs 1200','ACTIVE',512),
 (1993,NULL,2,'Rws 1100','ACTIVE',512),
 (1994,NULL,3,'Rs 1050','ACTIVE',512),
 (1995,NULL,4,'Rs 1000','ACTIVE',512),
 (1996,NULL,1,'Rs 1120','ACTIVE',512),
 (1997,NULL,1,'Rs 820','ACTIVE',513),
 (1998,NULL,2,'Rs 750','ACTIVE',513),
 (1999,NULL,3,'Rs 900','ACTIVE',513),
 (2000,NULL,4,'Rs 1000','ACTIVE',513),
 (2001,NULL,1,'Rs 800','ACTIVE',513),
 (2002,NULL,1,'20%','ACTIVE',514),
 (2003,NULL,2,'50%','ACTIVE',514),
 (2004,NULL,3,'65%','ACTIVE',514),
 (2005,NULL,4,'30%','ACTIVE',514),
 (2006,NULL,1,'40%','ACTIVE',514),
 (2007,NULL,1,'Rs 4500','ACTIVE',515),
 (2008,NULL,2,'Rs 6000','ACTIVE',515),
 (2009,NULL,3,'Rw 4200','ACTIVE',515),
 (2010,NULL,4,'Rs 4800','ACTIVE',515),
 (2011,NULL,1,'Rs 5000','ACTIVE',515),
 (2012,NULL,1,'Rs 3,20,000, Rs 3,30,000','ACTIVE',516),
 (2013,NULL,2,'Rs 3,45,000, Rs 3,46,000','ACTIVE',516),
 (2014,NULL,3,'Rs 3,50,000, Rs 3,60,000','ACTIVE',516),
 (2015,NULL,4,'Rs 3,58,000, Rs 3,98,000','ACTIVE',516),
 (2016,NULL,1,'Rs 3,36,000, Rs 3,34,800','ACTIVE',516),
 (2017,NULL,1,'Rs  18.30','ACTIVE',517),
 (2018,NULL,2,'Rs 70','ACTIVE',517),
 (2019,NULL,3,'Rs 72','ACTIVE',517),
 (2020,NULL,1,'Rs 88.25','ACTIVE',517),
 (2021,NULL,1,'2.25% gain','ACTIVE',518),
 (2022,NULL,2,'10% loss','ACTIVE',518),
 (2023,NULL,3,'12.5% loss','ACTIVE',518),
 (2024,NULL,1,'16.67% loss','ACTIVE',518),
 (2025,NULL,1,'Rs 920','ACTIVE',519),
 (2026,NULL,2,'Rs 1200','ACTIVE',519),
 (2027,NULL,3,'Rs 1060','ACTIVE',519),
 (2028,NULL,4,'None of these','ACTIVE',519),
 (2029,NULL,1,'Rs 960','ACTIVE',519),
 (2030,NULL,1,'20% gain','ACTIVE',520),
 (2031,NULL,2,'25% loss','ACTIVE',520),
 (2032,NULL,3,'25% gain','ACTIVE',520),
 (2033,NULL,1,'20% loss','ACTIVE',520),
 (2034,NULL,1,'100','ACTIVE',521),
 (2035,NULL,2,'114','ACTIVE',521),
 (2036,NULL,3,'115','ACTIVE',521),
 (2037,NULL,1,'112','ACTIVE',521),
 (2038,NULL,1,'Rs 300','ACTIVE',522),
 (2039,NULL,2,'Rs 380','ACTIVE',522),
 (2040,NULL,3,'Rs 400','ACTIVE',522),
 (2041,NULL,1,'Rs 280','ACTIVE',522),
 (2042,NULL,1,'loses Rs 100','ACTIVE',523),
 (2043,NULL,2,'loses Rs 900','ACTIVE',523),
 (2044,NULL,3,'gains Rs 100','ACTIVE',523),
 (2045,NULL,1,'gains Rs 100','ACTIVE',523),
 (2046,NULL,1,'Rs 50','ACTIVE',524),
 (2047,NULL,2,'Rs 160','ACTIVE',524),
 (2048,NULL,3,'Rs 200','ACTIVE',524),
 (2049,NULL,1,'Rs 225','ACTIVE',524),
 (2050,NULL,1,'Rs 870','ACTIVE',525),
 (2051,NULL,2,'Rs 800','ACTIVE',525),
 (2052,NULL,3,'Rs 690','ACTIVE',525),
 (2053,NULL,1,'Rs 750','ACTIVE',525),
 (2054,NULL,1,'15%','ACTIVE',526),
 (2055,NULL,2,'7.5%','ACTIVE',526),
 (2056,NULL,3,'12%','ACTIVE',526),
 (2057,NULL,1,'14.5%','ACTIVE',526),
 (2058,NULL,1,'Rs 700','ACTIVE',527),
 (2059,NULL,2,'Rs 1000','ACTIVE',527),
 (2060,NULL,3,'Rs 1200','ACTIVE',527),
 (2061,NULL,1,'Rs 900','ACTIVE',527),
 (2062,NULL,1,'10%','ACTIVE',528),
 (2063,NULL,2,'15%','ACTIVE',528),
 (2064,NULL,3,'5%','ACTIVE',528),
 (2065,NULL,1,'16.67%','ACTIVE',528),
 (2066,NULL,1,'20%','ACTIVE',529),
 (2067,NULL,2,'30%','ACTIVE',529),
 (2068,NULL,3,'40%','ACTIVE',529),
 (2069,NULL,4,'200%','ACTIVE',529),
 (2070,NULL,1,'25%','ACTIVE',529),
 (2071,NULL,1,'Rs 1900','ACTIVE',530),
 (2072,NULL,2,'Rs 2100','ACTIVE',530),
 (2073,NULL,3,'Rs 2200','ACTIVE',530),
 (2074,NULL,4,'Rs 1800','ACTIVE',530),
 (2075,NULL,1,'Rs 2000','ACTIVE',530),
 (2076,NULL,1,'10%','ACTIVE',531),
 (2077,NULL,2,'5%','ACTIVE',531),
 (2078,NULL,3,'15%','ACTIVE',531),
 (2079,NULL,4,'20%','ACTIVE',531),
 (2080,NULL,1,'25%','ACTIVE',531),
 (2081,NULL,1,'4%','ACTIVE',532),
 (2082,NULL,2,'6%','ACTIVE',532),
 (2083,NULL,3,'8%','ACTIVE',532),
 (2084,NULL,4,'12%','ACTIVE',532),
 (2085,NULL,1,'10%','ACTIVE',532),
 (2086,NULL,1,'100','ACTIVE',533),
 (2087,NULL,2,'150','ACTIVE',533),
 (2088,NULL,3,'250','ACTIVE',533),
 (2089,NULL,4,'300','ACTIVE',533),
 (2090,NULL,1,'200','REVIEW_PENDING',533),
 (2091,NULL,1,'80','ACTIVE',534),
 (2092,NULL,2,'0.8','ACTIVE',534),
 (2093,NULL,3,'18','ACTIVE',534),
 (2094,NULL,1,'8','ACTIVE',534),
 (2095,NULL,1,'1200','ACTIVE',535),
 (2096,NULL,2,'1800','ACTIVE',535),
 (2097,NULL,3,'2000','ACTIVE',535),
 (2098,NULL,1,'1000','ACTIVE',535),
 (2099,NULL,1,'25 %','REVIEW_PENDING',536),
 (2100,NULL,2,'50 %','REVIEW_PENDING',536),
 (2101,NULL,3,'85 %','REVIEW_PENDING',536),
 (2102,NULL,1,'75 %','REVIEW_PENDING',536),
 (2103,NULL,1,'1 %','REVIEW_PENDING',537),
 (2104,NULL,2,'14 %','REVIEW_PENDING',537),
 (2105,NULL,3,'21 %','REVIEW_PENDING',537),
 (2106,NULL,4,'22 %','REVIEW_PENDING',537),
 (2107,NULL,1,'20 %','REVIEW_PENDING',537),
 (2108,NULL,1,'10%','REVIEW_PENDING',538),
 (2109,NULL,2,'5 %','REVIEW_PENDING',538),
 (2110,NULL,3,'40 %','REVIEW_PENDING',538),
 (2111,NULL,1,'20%','REVIEW_PENDING',538),
 (2112,NULL,1,'4.5 %','REVIEW_PENDING',539),
 (2113,NULL,2,'50 %','REVIEW_PENDING',539),
 (2114,NULL,3,'5 %','REVIEW_PENDING',539),
 (2115,NULL,1,'45 %','REVIEW_PENDING',539),
 (2116,NULL,1,'22218','REVIEW_PENDING',540),
 (2117,NULL,2,'21000','REVIEW_PENDING',540),
 (2118,NULL,3,'15000','REVIEW_PENDING',540),
 (2119,NULL,1,'16800','REVIEW_PENDING',540),
 (2120,NULL,1,'80','REVIEW_PENDING',541),
 (2121,NULL,2,'180','REVIEW_PENDING',541),
 (2122,NULL,3,'120','REVIEW_PENDING',541),
 (2123,NULL,1,'16','REVIEW_PENDING',541),
 (2124,NULL,1,'18 %','REVIEW_PENDING',542),
 (2125,NULL,2,'10 %','REVIEW_PENDING',542),
 (2126,NULL,3,'12 %','REVIEW_PENDING',542),
 (2127,NULL,4,'12.5 %','REVIEW_PENDING',542),
 (2128,NULL,1,'8 %','REVIEW_PENDING',542),
 (2129,NULL,1,'50','REVIEW_PENDING',543),
 (2130,NULL,2,'150','REVIEW_PENDING',543),
 (2131,NULL,3,'200','REVIEW_PENDING',543),
 (2132,NULL,4,'250','REVIEW_PENDING',543),
 (2133,NULL,1,'100','REVIEW_PENDING',543),
 (2134,NULL,1,'17','REVIEW_PENDING',544),
 (2135,NULL,2,'77','REVIEW_PENDING',544),
 (2136,NULL,3,'50','REVIEW_PENDING',544),
 (2137,NULL,1,'23','REVIEW_PENDING',544),
 (2138,NULL,1,'33.33 %','REVIEW_PENDING',545),
 (2139,NULL,2,'40 %','REVIEW_PENDING',545),
 (2140,NULL,3,'25 %','REVIEW_PENDING',545),
 (2141,NULL,4,'14.28 %','REVIEW_PENDING',545),
 (2142,NULL,1,'16.67 %','REVIEW_PENDING',545),
 (2143,NULL,1,'33.33 %','REVIEW_PENDING',546),
 (2144,NULL,2,'70 %','REVIEW_PENDING',546),
 (2145,NULL,3,'75 %','REVIEW_PENDING',546),
 (2146,NULL,4,'80 %','REVIEW_PENDING',546),
 (2147,NULL,1,'40 %','REVIEW_PENDING',546),
 (2148,NULL,1,'1720','REVIEW_PENDING',547),
 (2149,NULL,2,'1820','REVIEW_PENDING',547),
 (2150,NULL,3,'2020','REVIEW_PENDING',547),
 (2151,NULL,1,'1920','REVIEW_PENDING',547),
 (2152,NULL,1,'12.5 % of 1000','REVIEW_PENDING',548),
 (2153,NULL,2,'50 % of 250','REVIEW_PENDING',548),
 (2154,NULL,3,'Cannot be determined','REVIEW_PENDING',548),
 (2155,NULL,1,'both are equal','REVIEW_PENDING',548),
 (2156,NULL,1,'10% of 2125','REVIEW_PENDING',549),
 (2157,NULL,2,'both are equal ','REVIEW_PENDING',549),
 (2158,NULL,1,'150 % of 150','REVIEW_PENDING',549),
 (2159,NULL,1,'30 % of 40 ?','ACTIVE',550),
 (2160,NULL,2,'they are equal.','ACTIVE',550),
 (2161,NULL,1,'25 % of 52 ?','ACTIVE',550),
 (2162,NULL,1,'200 % of 213','REVIEW_PENDING',551),
 (2163,NULL,2,'both are equal','REVIEW_PENDING',551),
 (2164,NULL,1,'150% of 282','REVIEW_PENDING',551),
 (2165,NULL,1,'8','ACTIVE',552),
 (2166,NULL,2,'6.4','ACTIVE',552),
 (2167,NULL,3,'18','ACTIVE',552),
 (2168,NULL,1,'10','ACTIVE',552),
 (2169,NULL,1,'100','REVIEW_PENDING',553),
 (2170,NULL,2,'1000','REVIEW_PENDING',553),
 (2171,NULL,3,'10000','REVIEW_PENDING',553),
 (2172,NULL,1,'81000','REVIEW_PENDING',553),
 (2173,NULL,1,'1500','REVIEW_PENDING',554),
 (2174,NULL,2,'3500','REVIEW_PENDING',554),
 (2175,NULL,3,'4000','REVIEW_PENDING',554),
 (2176,NULL,1,'6500','REVIEW_PENDING',554),
 (2177,NULL,1,'2','REVIEW_PENDING',555),
 (2178,NULL,2,'0.02','REVIEW_PENDING',555),
 (2179,NULL,3,'20','REVIEW_PENDING',555),
 (2180,NULL,1,'0.2','REVIEW_PENDING',555),
 (2181,NULL,1,'5','REVIEW_PENDING',556),
 (2182,NULL,2,'25','REVIEW_PENDING',556),
 (2183,NULL,3,'2.5','REVIEW_PENDING',556),
 (2184,NULL,4,'0.5','REVIEW_PENDING',556),
 (2185,NULL,1,'0.25','REVIEW_PENDING',556),
 (2186,NULL,1,'6','REVIEW_PENDING',557),
 (2187,NULL,2,'500','REVIEW_PENDING',557),
 (2188,NULL,3,'50','REVIEW_PENDING',557),
 (2189,NULL,1,'5','REVIEW_PENDING',557),
 (2190,NULL,1,'5 Rs','REVIEW_PENDING',558),
 (2191,NULL,2,'50 Rs','REVIEW_PENDING',558),
 (2192,NULL,3,'60 Rs','REVIEW_PENDING',558),
 (2193,NULL,1,'6 Rs','REVIEW_PENDING',558),
 (2194,NULL,1,'2.5','REVIEW_PENDING',559),
 (2195,NULL,2,'0.0005','REVIEW_PENDING',559),
 (2196,NULL,3,'0.025','REVIEW_PENDING',559),
 (2197,NULL,4,'25','REVIEW_PENDING',559),
 (2198,NULL,1,'0.25','REVIEW_PENDING',559),
 (2199,NULL,1,'\\[\\frac{55}{3}\\]\\hspace{0.1cm}','REVIEW_PENDING',560),
 (2200,NULL,2,'\\[\\frac{11}{15}\\]\\hspace{0.1cm}','REVIEW_PENDING',560),
 (2201,NULL,3,'\\[\\frac{55}{15}\\]\\hspace{0.1cm}','REVIEW_PENDING',560),
 (2202,NULL,4,'None of these','REVIEW_PENDING',560),
 (2203,NULL,1,'\\[\\frac{55}{300}\\]\\hspace{0.1cm}','REVIEW_PENDING',560),
 (2204,NULL,1,'60','REVIEW_PENDING',561),
 (2205,NULL,2,'\\[\\frac{\\hspace{0.1cm}200\\hspace{0.1cm}}{27}\\]','REVIEW_PENDING',561),
 (2206,NULL,3,'\\[\\frac{\\hspace{0.1cm}1800\\hspace{0.1cm}}{3}\\]','REVIEW_PENDING',561),
 (2207,NULL,4,'None of these.','REVIEW_PENDING',561),
 (2208,NULL,1,'6','REVIEW_PENDING',561),
 (2209,NULL,1,'52','REVIEW_PENDING',562),
 (2210,NULL,2,'5.2','REVIEW_PENDING',562),
 (2211,NULL,3,'None of these.','REVIEW_PENDING',562),
 (2212,NULL,1,'0.52','REVIEW_PENDING',562),
 (2213,NULL,1,'400% increase','REVIEW_PENDING',563),
 (2214,NULL,2,'500% increase','REVIEW_PENDING',563),
 (2215,NULL,3,'None of these.','REVIEW_PENDING',563),
 (2216,NULL,1,'300% increase','REVIEW_PENDING',563),
 (2217,NULL,1,'No Change. ','REVIEW_PENDING',564),
 (2218,NULL,2,'1% increase','REVIEW_PENDING',564),
 (2219,NULL,3,'Cannot be determined.','REVIEW_PENDING',564),
 (2220,NULL,1,'1% decrease','REVIEW_PENDING',564),
 (2221,NULL,1,'No Change. ','REVIEW_PENDING',565),
 (2222,NULL,2,'2 % decrease','REVIEW_PENDING',565),
 (2223,NULL,3,'4 % decrease','REVIEW_PENDING',565),
 (2224,NULL,4,'Cannot be determined.','REVIEW_PENDING',565),
 (2225,NULL,1,'4 % increase. ','REVIEW_PENDING',565),
 (2226,NULL,1,'5% increase.','REVIEW_PENDING',566),
 (2227,NULL,2,'5% decrease.','REVIEW_PENDING',566),
 (2228,NULL,3,'2.5% decrease','REVIEW_PENDING',566),
 (2229,NULL,1,'No change.','REVIEW_PENDING',566),
 (2230,NULL,1,'5% increase','REVIEW_PENDING',567),
 (2231,NULL,2,'5% decrease','REVIEW_PENDING',567),
 (2232,NULL,3,'None of these.','REVIEW_PENDING',567),
 (2233,NULL,1,'No Change','REVIEW_PENDING',567),
 (2234,NULL,1,'20% decrease','REVIEW_PENDING',568),
 (2235,NULL,2,'18% decrease','REVIEW_PENDING',568),
 (2236,NULL,3,'8% decrease','REVIEW_PENDING',568),
 (2237,NULL,1,'28% decrease','REVIEW_PENDING',568),
 (2238,NULL,1,'10% increase','REVIEW_PENDING',569),
 (2239,NULL,2,'7% increase','REVIEW_PENDING',569),
 (2240,NULL,3,'9% increase','REVIEW_PENDING',569),
 (2241,NULL,1,'8 % increase','REVIEW_PENDING',569),
 (2242,NULL,1,'Yes','REVIEW_PENDING',570),
 (2243,NULL,1,'No','REVIEW_PENDING',570),
 (2244,NULL,1,'No Change','REVIEW_PENDING',571),
 (2245,NULL,2,'4 % increase','REVIEW_PENDING',571),
 (2246,NULL,3,'4 % increase','REVIEW_PENDING',571),
 (2247,NULL,4,'2.8% increase','REVIEW_PENDING',571),
 (2248,NULL,1,'2.8 % decrease','REVIEW_PENDING',571),
 (2249,NULL,1,'4.57%','ACTIVE',572),
 (2250,NULL,2,'10%','ACTIVE',572),
 (2251,NULL,3,'12%','ACTIVE',572),
 (2252,NULL,1,'5.45%','ACTIVE',572),
 (2253,NULL,1,'15','ACTIVE',573),
 (2254,NULL,2,'18','ACTIVE',573),
 (2255,NULL,3,'25','ACTIVE',573),
 (2256,NULL,1,'16','ACTIVE',573),
 (2257,NULL,1,'66.67%','ACTIVE',574),
 (2258,NULL,2,'105.33%','ACTIVE',574),
 (2259,NULL,3,'120%','ACTIVE',574),
 (2260,NULL,1,'100%','ACTIVE',574),
 (2261,NULL,1,'250%','ACTIVE',575),
 (2262,NULL,2,'100%','ACTIVE',575),
 (2263,NULL,3,'30%','ACTIVE',575),
 (2264,NULL,1,'70%','ACTIVE',575),
 (2265,NULL,1,'3','ACTIVE',576),
 (2266,NULL,2,'4','ACTIVE',576),
 (2267,NULL,3,'6','ACTIVE',576),
 (2268,NULL,4,'7','ACTIVE',576),
 (2269,NULL,1,'5','ACTIVE',576),
 (2270,NULL,1,'150%','ACTIVE',577),
 (2271,NULL,2,'200%','ACTIVE',577),
 (2272,NULL,3,'350%','ACTIVE',577),
 (2273,NULL,1,'300%','ACTIVE',577),
 (2274,NULL,1,'\\[\\frac{6}{19}\\%\\]','ACTIVE',578),
 (2275,NULL,2,'\\[\\frac{6}{17}\\%\\]','ACTIVE',578),
 (2276,NULL,3,'\\[3\\frac{5}{11}\\%\\]','ACTIVE',578),
 (2277,NULL,1,'\\[5\\frac{5}{11}\\%\\]','ACTIVE',578),
 (2278,NULL,1,'2% Profit','ACTIVE',579),
 (2279,NULL,2,'2% Loss','ACTIVE',579),
 (2280,NULL,3,'3% Loss','ACTIVE',579),
 (2281,NULL,1,'3% Profit','ACTIVE',579),
 (2282,NULL,1,'Rs 1200','ACTIVE',580),
 (2283,NULL,2,'Rs 1230','ACTIVE',580),
 (2284,NULL,3,'Rs 1290','ACTIVE',580),
 (2285,NULL,4,'Rs 1310','ACTIVE',580),
 (2286,NULL,1,'Rs 1260','ACTIVE',580),
 (2287,NULL,1,'Cost Price Rs 36, Profit Rs 17','ACTIVE',581),
 (2288,NULL,2,'Cost Price Rs 50, Profit Rs 24','ACTIVE',581),
 (2289,NULL,3,'Cost Price Rs 40, Profit Rs 19','ACTIVE',581),
 (2290,NULL,1,'Cost Price Rs 60, Profit Rs 29','ACTIVE',581),
 (2291,NULL,1,'10%','ACTIVE',582),
 (2292,NULL,2,'25%','ACTIVE',582),
 (2293,NULL,3,'28%','ACTIVE',582),
 (2294,NULL,1,'20%','ACTIVE',582),
 (2295,NULL,1,'1%','ACTIVE',583),
 (2296,NULL,2,'3%','ACTIVE',583),
 (2297,NULL,3,'4%','ACTIVE',583),
 (2298,NULL,1,'2%','ACTIVE',583),
 (2299,NULL,1,'\\[7\\frac{1}{3}\\%\\]','ACTIVE',584),
 (2300,NULL,2,'\\[6\\frac{1}{3}\\%\\]','ACTIVE',584),
 (2301,NULL,3,'\\[5\\frac{1}{3}\\%\\]','ACTIVE',584),
 (2302,NULL,1,'\\[8\\frac{1}{3}\\%\\]','ACTIVE',584),
 (2303,NULL,1,'\\[12\\frac{2}{7}\\%\\]','ACTIVE',585),
 (2304,NULL,2,'\\[13\\frac{2}{7}\\%\\]','ACTIVE',585),
 (2305,NULL,3,'\\[15\\frac{2}{7}\\%\\]','ACTIVE',585),
 (2306,NULL,4,'\\[16\\frac{2}{7}\\%\\]','ACTIVE',585),
 (2307,NULL,1,'\\[14\\frac{2}{7}\\%\\]','ACTIVE',585),
 (2308,NULL,1,'Rs 660','ACTIVE',586),
 (2309,NULL,2,'Rw 760','ACTIVE',586),
 (2310,NULL,3,'Rs 860','ACTIVE',586),
 (2311,NULL,4,'Rs 1060','ACTIVE',586),
 (2312,NULL,1,'Rs 960','ACTIVE',586),
 (2313,NULL,1,'Rs 22000','ACTIVE',587),
 (2314,NULL,2,'Rs 26000','ACTIVE',587),
 (2315,NULL,3,'Rs 28000','ACTIVE',587),
 (2316,NULL,4,'Rs 30000','ACTIVE',587),
 (2317,NULL,1,'Rs 24000','ACTIVE',587),
 (2318,NULL,1,'Rs 70','ACTIVE',588),
 (2319,NULL,2,'Rs 74','ACTIVE',588),
 (2320,NULL,3,'Rs 76','ACTIVE',588),
 (2321,NULL,4,'Rs 78','ACTIVE',588),
 (2322,NULL,1,'Rs 72','ACTIVE',588),
 (2323,NULL,1,'Rs 24,300','ACTIVE',589),
 (2324,NULL,2,'Rs 22,300','ACTIVE',589),
 (2325,NULL,3,'Rs 21,300','ACTIVE',589),
 (2326,NULL,4,'Rs 20,300','ACTIVE',589),
 (2327,NULL,1,'Rs 25,300','ACTIVE',589),
 (2328,NULL,1,'130%','ACTIVE',590),
 (2329,NULL,2,'150%','ACTIVE',590),
 (2330,NULL,3,'160%','ACTIVE',590),
 (2331,NULL,4,'170%','ACTIVE',590),
 (2332,NULL,1,'140%','ACTIVE',590),
 (2333,NULL,1,'12%','REVIEW_PENDING',591),
 (2334,NULL,2,'30%','REVIEW_PENDING',591),
 (2335,NULL,3,'60%','REVIEW_PENDING',591),
 (2336,NULL,1,'50%','REVIEW_PENDING',591),
 (2337,NULL,1,'14','ACTIVE',592),
 (2338,NULL,2,'15','ACTIVE',592),
 (2339,NULL,3,'17','ACTIVE',592),
 (2340,NULL,1,'16','ACTIVE',592),
 (2341,NULL,1,'3.5','ACTIVE',593),
 (2342,NULL,2,'4.5','ACTIVE',593),
 (2343,NULL,3,'6.5','ACTIVE',593),
 (2344,NULL,1,'5.6','ACTIVE',593),
 (2345,NULL,1,'25 %','ACTIVE',594),
 (2346,NULL,2,'20 %','ACTIVE',594),
 (2347,NULL,3,'75 %','ACTIVE',594),
 (2348,NULL,1,'80 %','ACTIVE',594),
 (2349,NULL,1,'312 kg','REVIEW_PENDING',595),
 (2350,NULL,2,'404 kg','REVIEW_PENDING',595),
 (2351,NULL,4,'600 kg','REVIEW_PENDING',595),
 (2352,NULL,5,'450 kg','REVIEW_PENDING',595),
 (2353,NULL,3,'504 kg','REVIEW_PENDING',595),
 (2354,NULL,1,'365 days','REVIEW_PENDING',596),
 (2355,NULL,3,'270 days','REVIEW_PENDING',596),
 (2356,NULL,4,'320 days','REVIEW_PENDING',596),
 (2357,NULL,5,'250 days','REVIEW_PENDING',596),
 (2358,NULL,2,'300 days','REVIEW_PENDING',596),
 (2359,NULL,2,'Rs 250','REVIEW_PENDING',597),
 (2360,NULL,3,'Rs 300','REVIEW_PENDING',597),
 (2361,NULL,4,'Rs 320','REVIEW_PENDING',597),
 (2362,NULL,5,'Rs 400','REVIEW_PENDING',597),
 (2363,NULL,1,'Rs 350','REVIEW_PENDING',597),
 (2364,NULL,1,'2 bags','REVIEW_PENDING',598),
 (2365,NULL,2,'5 bags','REVIEW_PENDING',598),
 (2366,NULL,3,'4 bags','REVIEW_PENDING',598),
 (2367,NULL,5,'1 bag','REVIEW_PENDING',598),
 (2368,NULL,4,'3 bags','REVIEW_PENDING',598),
 (2369,NULL,1,'Rs 1050','REVIEW_PENDING',599),
 (2370,NULL,2,'Rs 1000','REVIEW_PENDING',599),
 (2371,NULL,3,'Rs 700','REVIEW_PENDING',599),
 (2372,NULL,4,'Rs 900','REVIEW_PENDING',599),
 (2373,NULL,5,'Rs 904.50','REVIEW_PENDING',599),
 (2374,NULL,1,'Rs 100','REVIEW_PENDING',600),
 (2375,NULL,3,'Rs 85.30','REVIEW_PENDING',600),
 (2376,NULL,4,'Rs 78','REVIEW_PENDING',600),
 (2377,NULL,5,'Rs 82.50','REVIEW_PENDING',600),
 (2378,NULL,2,'Rs 93.50','REVIEW_PENDING',600),
 (2379,NULL,1,'5 weeks','REVIEW_PENDING',601),
 (2380,NULL,2,'4 weeks','REVIEW_PENDING',601),
 (2381,NULL,4,'11 weeks','REVIEW_PENDING',601),
 (2382,NULL,5,'5 and a half weeks','REVIEW_PENDING',601),
 (2383,NULL,3,'6 weeks','REVIEW_PENDING',601),
 (2384,NULL,1,'110 machines','REVIEW_PENDING',602),
 (2385,NULL,2,'94 machines','REVIEW_PENDING',602),
 (2386,NULL,3,'90 machines','REVIEW_PENDING',602),
 (2387,NULL,5,'130 machines','REVIEW_PENDING',602),
 (2388,NULL,4,'100 machines','REVIEW_PENDING',602),
 (2389,NULL,2,'50 cupboards','REVIEW_PENDING',603),
 (2390,NULL,3,'55 cupboards','REVIEW_PENDING',603),
 (2391,NULL,4,'60 cupboards','REVIEW_PENDING',603),
 (2392,NULL,5,'40 cupboards','REVIEW_PENDING',603),
 (2393,NULL,1,'49 cupboards','REVIEW_PENDING',603),
 (2394,NULL,1,'45 weeks','REVIEW_PENDING',604),
 (2395,NULL,2,'60 weeks','REVIEW_PENDING',604),
 (2396,NULL,3,'50 weeks','REVIEW_PENDING',604),
 (2397,NULL,4,'49 weeks','REVIEW_PENDING',604),
 (2398,NULL,5,'52 weeks','REVIEW_PENDING',604),
 (2399,NULL,2,'14 days','REVIEW_PENDING',605),
 (2400,NULL,3,'16 days','REVIEW_PENDING',605),
 (2401,NULL,4,'17 days','REVIEW_PENDING',605),
 (2402,NULL,5,'18 days','REVIEW_PENDING',605),
 (2403,NULL,1,'15 days','REVIEW_PENDING',605),
 (2404,NULL,1,'11 men','REVIEW_PENDING',606),
 (2405,NULL,2,'12 men','REVIEW_PENDING',606),
 (2406,NULL,4,'13 men','REVIEW_PENDING',606),
 (2407,NULL,5,'14 men','REVIEW_PENDING',606),
 (2408,NULL,3,'10 men','REVIEW_PENDING',606),
 (2409,NULL,1,'14 hours','REVIEW_PENDING',607),
 (2410,NULL,2,'10 hours','REVIEW_PENDING',607),
 (2411,NULL,3,'11 hours','REVIEW_PENDING',607),
 (2412,NULL,5,'13 hours','REVIEW_PENDING',607),
 (2413,NULL,4,'12 hours','REVIEW_PENDING',607),
 (2414,NULL,2,'5 days','REVIEW_PENDING',608),
 (2415,NULL,3,'10 days','REVIEW_PENDING',608),
 (2416,NULL,4,'8 days','REVIEW_PENDING',608),
 (2417,NULL,5,'4 days','REVIEW_PENDING',608),
 (2418,NULL,1,'6.75 days','REVIEW_PENDING',608),
 (2419,NULL,2,'9 days','REVIEW_PENDING',609),
 (2420,NULL,3,'11 days','REVIEW_PENDING',609),
 (2421,NULL,4,'5 days','REVIEW_PENDING',609),
 (2422,NULL,5,'12 days','REVIEW_PENDING',609),
 (2423,NULL,1,'10 days','REVIEW_PENDING',609),
 (2424,NULL,1,'12 days','REVIEW_PENDING',610),
 (2425,NULL,2,'36 days','REVIEW_PENDING',610),
 (2426,NULL,3,'40 days','REVIEW_PENDING',610),
 (2427,NULL,5,'20 days','REVIEW_PENDING',610),
 (2428,NULL,4,'24 days','REVIEW_PENDING',610),
 (2429,NULL,1,'11 hours','REVIEW_PENDING',611),
 (2430,NULL,2,'10 hours','REVIEW_PENDING',611),
 (2431,NULL,3,'14 hours','REVIEW_PENDING',611),
 (2432,NULL,5,'8 hours','REVIEW_PENDING',611),
 (2433,NULL,4,'12 hours','REVIEW_PENDING',611),
 (2434,NULL,1,'2.5 days','REVIEW_PENDING',612),
 (2435,NULL,2,'4.5 days','REVIEW_PENDING',612);
INSERT INTO `question_option` (`id`,`image_url`,`ordr`,`text`,`state`,`question_id`) VALUES 
 (2436,NULL,3,'3 days','REVIEW_PENDING',612),
 (2437,NULL,5,'2 days','REVIEW_PENDING',612),
 (2438,NULL,4,'5 days','REVIEW_PENDING',612),
 (2439,NULL,1,'12 days','REVIEW_PENDING',613),
 (2440,NULL,2,'11 days','REVIEW_PENDING',613),
 (2441,NULL,3,'9 days','REVIEW_PENDING',613),
 (2442,NULL,4,'10 days','REVIEW_PENDING',613),
 (2443,NULL,5,'8 days','REVIEW_PENDING',613),
 (2444,NULL,1,'Vinod\'s share  = Rs 1200, Aslam\'s share = Rs 850, Karim\'s share = Rs 560','REVIEW_PENDING',614),
 (2445,NULL,2,'Vinod\'s share  = Rs 1000, Aslam\'s share = Rs 900, Karim\'s share = Rs 590','REVIEW_PENDING',614),
 (2446,NULL,4,'Vinod\'s share  = Rs 2000, Aslam\'s share = Rs 800, Karim\'s share = Rs 790','REVIEW_PENDING',614),
 (2447,NULL,5,'Vinod\'s share  = Rs 1500, Aslam\'s share = Rs 900, Karim\'s share = Rs 700','REVIEW_PENDING',614),
 (2448,NULL,3,'Vinod\'s share  = Rs 1100, Aslam\'s share = Rs 880, Karim\'s share = Rs 660','REVIEW_PENDING',614),
 (2449,NULL,1,'18 days','REVIEW_PENDING',615),
 (2450,NULL,2,'19 days','REVIEW_PENDING',615),
 (2451,NULL,4,'21 days','REVIEW_PENDING',615),
 (2452,NULL,5,'22 days','REVIEW_PENDING',615),
 (2453,NULL,3,'20 days','REVIEW_PENDING',615),
 (2454,NULL,2,'Gylacud can copy 90 pages in 90vhours','REVIEW_PENDING',616),
 (2455,NULL,3,'Gylacud can copy 30 pages in 30 hours','REVIEW_PENDING',616),
 (2456,NULL,4,'Gylacud can copy 15 pages in 36 hours','REVIEW_PENDING',616),
 (2457,NULL,1,'Gylacud can copy 48 pages in 48 hours','REVIEW_PENDING',616),
 (2458,NULL,1,'Complete work is done in 12 days','REVIEW_PENDING',617),
 (2459,NULL,2,'Complete work is done in 9 days','REVIEW_PENDING',617),
 (2460,NULL,3,'Complete work is done in 10 days','REVIEW_PENDING',617),
 (2461,NULL,5,'Complete work is done in 6 days','REVIEW_PENDING',617),
 (2462,NULL,4,'Complete work is done in 8 days','REVIEW_PENDING',617),
 (2463,NULL,1,'19 minutes','REVIEW_PENDING',618),
 (2464,NULL,2,'18 minutes','REVIEW_PENDING',618),
 (2465,NULL,3,'15 minutes','REVIEW_PENDING',618),
 (2466,NULL,5,'21 minutes','REVIEW_PENDING',618),
 (2467,NULL,4,'20 minutes','REVIEW_PENDING',618),
 (2468,NULL,1,'5/8th of the cistern will be emptied','REVIEW_PENDING',619),
 (2469,NULL,2,'2/3rd of the cistern will be emptied','REVIEW_PENDING',619),
 (2470,NULL,4,'1/2 of the cistern will be emptied','REVIEW_PENDING',619),
 (2471,NULL,3,'3/8th of the cistern will be emptied','REVIEW_PENDING',619),
 (2472,NULL,1,'300','REVIEW_PENDING',620),
 (2473,NULL,2,'400','REVIEW_PENDING',620),
 (2474,NULL,4,'600','REVIEW_PENDING',620),
 (2475,NULL,3,'500','REVIEW_PENDING',620),
 (2476,NULL,1,'17825','REVIEW_PENDING',621),
 (2477,NULL,3,'15950','REVIEW_PENDING',621),
 (2478,NULL,4,'18000','REVIEW_PENDING',621),
 (2479,NULL,2,'18342.5','REVIEW_PENDING',621),
 (2480,NULL,1,'4 % net gain','REVIEW_PENDING',622),
 (2481,NULL,2,'6% net gain','REVIEW_PENDING',622),
 (2482,NULL,4,'No Gain, No loss','REVIEW_PENDING',622),
 (2483,NULL,3,'2 % net gain','REVIEW_PENDING',622),
 (2484,NULL,1,'20 mins','REVIEW_PENDING',623),
 (2485,NULL,3,'30 mins','REVIEW_PENDING',623),
 (2486,NULL,4,'18 mins','REVIEW_PENDING',623),
 (2487,NULL,2,'12 mins','REVIEW_PENDING',623),
 (2488,NULL,1,'660 seconds','REVIEW_PENDING',624),
 (2489,NULL,3,'210 seconds','REVIEW_PENDING',624),
 (2490,NULL,4,'2100 seconds','REVIEW_PENDING',624),
 (2491,NULL,2,'1260 Seconds','REVIEW_PENDING',624),
 (2492,NULL,1,'105 seconds','REVIEW_PENDING',625),
 (2493,NULL,2,'56 seconds','REVIEW_PENDING',625),
 (2494,NULL,4,'1 Min 50 seconds','REVIEW_PENDING',625),
 (2495,NULL,3,'65 seconds','REVIEW_PENDING',625),
 (2496,NULL,1,'3.5','REVIEW_PENDING',626),
 (2497,NULL,2,'25','REVIEW_PENDING',626),
 (2498,NULL,4,'2.5','REVIEW_PENDING',626),
 (2499,NULL,3,'7','REVIEW_PENDING',626),
 (2500,NULL,1,'66','REVIEW_PENDING',627),
 (2501,NULL,2,'100','REVIEW_PENDING',627),
 (2502,NULL,3,'33','REVIEW_PENDING',627),
 (2503,NULL,4,'1','REVIEW_PENDING',627),
 (2504,NULL,1,'30% increase.','REVIEW_PENDING',628),
 (2505,NULL,3,'28% increase','REVIEW_PENDING',628),
 (2506,NULL,4,'36% increase','REVIEW_PENDING',628),
 (2507,NULL,2,'32% increase','REVIEW_PENDING',628),
 (2508,NULL,2,'30% decrease','REVIEW_PENDING',629),
 (2509,NULL,3,'32% decrease','REVIEW_PENDING',629),
 (2510,NULL,4,'26% decrease','REVIEW_PENDING',629),
 (2511,NULL,1,'28% decrease','REVIEW_PENDING',629),
 (2512,NULL,2,'8','REVIEW_PENDING',630),
 (2513,NULL,3,'2','REVIEW_PENDING',630),
 (2514,NULL,4,'20','REVIEW_PENDING',630),
 (2515,NULL,1,'4','REVIEW_PENDING',630),
 (2516,NULL,2,'6 days','REVIEW_PENDING',631),
 (2517,NULL,3,'8 days','REVIEW_PENDING',631),
 (2518,NULL,4,'10 days','REVIEW_PENDING',631),
 (2519,NULL,1,'5 days','REVIEW_PENDING',631),
 (2520,NULL,1,'10 minute 30 seconds','REVIEW_PENDING',632),
 (2521,NULL,2,'6 minutes','REVIEW_PENDING',632),
 (2522,NULL,3,'8 minute 45 seconds','REVIEW_PENDING',632),
 (2523,NULL,4,'9 minute 20 seconds','REVIEW_PENDING',632),
 (2524,NULL,1,'10 days','REVIEW_PENDING',633),
 (2525,NULL,2,'20 days','REVIEW_PENDING',633),
 (2526,NULL,4,'40 days','REVIEW_PENDING',633),
 (2527,NULL,5,'25 days','REVIEW_PENDING',633),
 (2528,NULL,3,'30 days','REVIEW_PENDING',633),
 (2529,NULL,2,'3 days','REVIEW_PENDING',634),
 (2530,NULL,3,'2.5 days','REVIEW_PENDING',634),
 (2531,NULL,4,'4 days','REVIEW_PENDING',634),
 (2532,NULL,1,'2 days','REVIEW_PENDING',634),
 (2533,NULL,1,'16 days','REVIEW_PENDING',635),
 (2534,NULL,2,'17 days','REVIEW_PENDING',635),
 (2535,NULL,3,'18 days','REVIEW_PENDING',635),
 (2536,NULL,4,'19 days','REVIEW_PENDING',635),
 (2537,NULL,1,'anna ->80 minutes, baba->100 minutes, kaka->100 minutes','REVIEW_PENDING',636),
 (2538,NULL,2,'anna ->60 minutes, baba->90 minutes, kaka->130 minutes','REVIEW_PENDING',636),
 (2539,NULL,4,'anna ->45 minutes, baba->60 minutes, kaka->90 minutes','REVIEW_PENDING',636),
 (2540,NULL,5,'anna ->90 minutes, baba->120 minutes, kaka->150 minutes','REVIEW_PENDING',636),
 (2541,NULL,3,'anna ->72 minutes, baba->90 minutes, kaka->120 minutes','REVIEW_PENDING',636),
 (2542,NULL,2,'Jhang -> 55 days, Pang -> 12 days','REVIEW_PENDING',637),
 (2543,NULL,3,'Jhang -> 50 days, Pang -> 19 days','REVIEW_PENDING',637),
 (2544,NULL,4,'Jhang -> 40 days, Pang -> 20 days','REVIEW_PENDING',637),
 (2545,NULL,1,'Jhang -> 50 days, Pang -> 21 3/7 days','REVIEW_PENDING',637),
 (2546,NULL,2,'20 days','REVIEW_PENDING',638),
 (2547,NULL,3,'19 days','REVIEW_PENDING',638),
 (2548,NULL,4,'18 days','REVIEW_PENDING',638),
 (2549,NULL,1,'18/5 days','REVIEW_PENDING',638),
 (2550,NULL,1,'Parineeti Rs 250, Nandita Rs 250, Chitragandha Rs 220','REVIEW_PENDING',639),
 (2551,NULL,2,'Parineeti Rs 300, Nandita Rs 300, Chitragandha Rs 120','REVIEW_PENDING',639),
 (2552,NULL,3,'Parineeti Rs 400, Nandita Rs 200, Chitragandha Rs 120','REVIEW_PENDING',639),
 (2553,NULL,4,'Parineeti Rs 320, Nandita Rs 240, Chitragandha Rs 160','REVIEW_PENDING',639),
 (2554,NULL,2,'10 days','REVIEW_PENDING',640),
 (2555,NULL,3,'12 days','REVIEW_PENDING',640),
 (2556,NULL,4,'4 days','REVIEW_PENDING',640),
 (2557,NULL,5,'9 days','REVIEW_PENDING',640),
 (2558,NULL,1,'6 days','REVIEW_PENDING',640),
 (2559,NULL,2,'16 days','REVIEW_PENDING',641),
 (2560,NULL,3,'17 days','REVIEW_PENDING',641),
 (2561,NULL,4,'18 days','REVIEW_PENDING',641),
 (2562,NULL,5,'19 days','REVIEW_PENDING',641),
 (2563,NULL,1,'15 days','REVIEW_PENDING',641),
 (2564,NULL,1,'80 hours','REVIEW_PENDING',642),
 (2565,NULL,2,'70 hours','REVIEW_PENDING',642),
 (2566,NULL,3,'67 hours','REVIEW_PENDING',642),
 (2567,NULL,4,'65 hours','REVIEW_PENDING',642),
 (2568,NULL,5,'66 and 2/3rd hours','REVIEW_PENDING',642),
 (2569,NULL,1,'46 minutes','REVIEW_PENDING',643),
 (2570,NULL,2,'44 minutes','REVIEW_PENDING',643),
 (2571,NULL,4,'45 minutes','REVIEW_PENDING',643),
 (2572,NULL,3,'50 minutes','REVIEW_PENDING',643),
 (2573,NULL,1,'29 hours','REVIEW_PENDING',644),
 (2574,NULL,2,'18 hours','REVIEW_PENDING',644),
 (2575,NULL,4,'19 hours','REVIEW_PENDING',644),
 (2576,NULL,5,'20 hours','REVIEW_PENDING',644),
 (2577,NULL,3,'17 and 1/7 hours','REVIEW_PENDING',644),
 (2578,NULL,1,'11 minutes','REVIEW_PENDING',645),
 (2579,NULL,2,'12 minutes','REVIEW_PENDING',645),
 (2580,NULL,3,'13 minutes','REVIEW_PENDING',645),
 (2581,NULL,5,'20 minutes','REVIEW_PENDING',645),
 (2582,NULL,4,'12 minue 48 seconds','REVIEW_PENDING',645),
 (2583,NULL,1,'1 and a 1/2 minutes','REVIEW_PENDING',646),
 (2584,NULL,2,'3 and a 1/2 minutes','REVIEW_PENDING',646),
 (2585,NULL,4,'4 and 1/4 minutes','REVIEW_PENDING',646),
 (2586,NULL,3,'3 and 3/5 minutes','REVIEW_PENDING',646),
 (2587,NULL,1,'kylie','REVIEW_PENDING',647),
 (2588,NULL,3,'sayali','REVIEW_PENDING',647),
 (2589,NULL,4,'data not adequate','REVIEW_PENDING',647),
 (2590,NULL,2,'mylie','REVIEW_PENDING',647),
 (2591,NULL,2,'20 days','REVIEW_PENDING',648),
 (2592,NULL,3,'16 days','REVIEW_PENDING',648),
 (2593,NULL,4,'4 days','REVIEW_PENDING',648),
 (2594,NULL,1,'24 days','REVIEW_PENDING',648),
 (2595,NULL,2,'30 min','REVIEW_PENDING',649),
 (2596,NULL,3,'40 min','REVIEW_PENDING',649),
 (2597,NULL,4,'45 min','REVIEW_PENDING',649),
 (2598,NULL,1,'20 min','REVIEW_PENDING',649),
 (2599,NULL,1,'110 minutes','REVIEW_PENDING',650),
 (2600,NULL,3,'120 minutes','REVIEW_PENDING',650),
 (2601,NULL,4,'90 minutes','REVIEW_PENDING',650),
 (2602,NULL,2,'100 minutes','REVIEW_PENDING',650),
 (2603,NULL,1,'54 days','REVIEW_PENDING',651),
 (2604,NULL,3,'48 days','REVIEW_PENDING',651),
 (2605,NULL,4,'50 days','REVIEW_PENDING',651),
 (2606,NULL,2,'60 days','REVIEW_PENDING',651),
 (2607,NULL,1,'1 hour','REVIEW_PENDING',652),
 (2608,NULL,2,'2 hours','REVIEW_PENDING',652),
 (2609,NULL,3,'3 hours ','REVIEW_PENDING',652),
 (2610,NULL,4,'4 hours','REVIEW_PENDING',652),
 (2611,NULL,5,'5 hours','REVIEW_PENDING',652),
 (2612,NULL,2,'two third of the work','REVIEW_PENDING',653),
 (2613,NULL,3,'four fifth of the work','REVIEW_PENDING',653),
 (2614,NULL,4,'half of the work','REVIEW_PENDING',653),
 (2615,NULL,1,'one third  of the work','REVIEW_PENDING',653),
 (2616,NULL,1,'11 days','REVIEW_PENDING',654),
 (2617,NULL,2,'13 days','REVIEW_PENDING',654),
 (2618,NULL,3,'12 days','REVIEW_PENDING',654),
 (2619,NULL,4,'14 days','REVIEW_PENDING',654),
 (2620,NULL,2,'4 days','REVIEW_PENDING',655),
 (2621,NULL,3,'2 days','REVIEW_PENDING',655),
 (2622,NULL,4,'5 days','REVIEW_PENDING',655),
 (2623,NULL,1,'3 and 1/3 days','REVIEW_PENDING',655),
 (2624,NULL,1,'25% decrease','REVIEW_PENDING',656),
 (2625,NULL,3,'50% decrease','REVIEW_PENDING',656),
 (2626,NULL,4,'37.5% decrease','REVIEW_PENDING',656),
 (2627,NULL,2,'75% decrease','REVIEW_PENDING',656);
/*!40000 ALTER TABLE `question_option` ENABLE KEYS */;


--
-- Definition of table `topic`
--

DROP TABLE IF EXISTS `topic`;
CREATE TABLE `topic` (
  `id` bigint(20) NOT NULL AUTO_INCREMENT,
  `name` varchar(255) DEFAULT NULL,
  `exam_section_id` bigint(20) NOT NULL,
  `state` varchar(20) NOT NULL DEFAULT 'INACTIVE',
  PRIMARY KEY (`id`),
  KEY `FK87404EC5CEE29EZE` (`exam_section_id`),
  CONSTRAINT `FK87404EC5CEE29EZE` FOREIGN KEY (`exam_section_id`) REFERENCES `exam_section` (`id`)
) ENGINE=InnoDB AUTO_INCREMENT=9 DEFAULT CHARSET=latin1;

--
-- Dumping data for table `topic`
--

/*!40000 ALTER TABLE `topic` DISABLE KEYS */;
INSERT INTO `topic` (`id`,`name`,`exam_section_id`,`state`) VALUES 
 (1,'Decimals',1,'ACTIVE'),
 (2,'Ratio and Proportion',1,'ACTIVE'),
 (3,'Percentage',1,'ACTIVE'),
 (4,'Profit, Loss and Discount',1,'ACTIVE'),
 (5,'Time & Work',1,'ACTIVE'),
 (6,'Rational Numbers',1,'ACTIVE'),
 (7,'Compound Interest',1,'ACTIVE'),
 (8,'Unitary Method and its Applications',1,'ACTIVE');
/*!40000 ALTER TABLE `topic` ENABLE KEYS */;


--
-- Definition of table `user`
--

DROP TABLE IF EXISTS `user`;
CREATE TABLE `user` (
  `id` bigint(20) NOT NULL AUTO_INCREMENT,
  `display_name` varchar(255) DEFAULT NULL,
  `email_id` varchar(255) DEFAULT NULL,
  `gender` tinyint(4) DEFAULT NULL,
  `image_url` varchar(255) DEFAULT NULL,
  `name` varchar(255) DEFAULT NULL,
  `phone_no` varchar(255) DEFAULT NULL,
  `pwd` varchar(255) DEFAULT NULL,
  `facebook_id` varchar(255) DEFAULT NULL,
  `category` char(20) DEFAULT 'STUDENT',
  `parent_email_id` varchar(255) DEFAULT NULL,
  `time_at_which_user_registered` bigint(20) DEFAULT NULL,
  `account_status` varchar(255) DEFAULT NULL,
  PRIMARY KEY (`id`)
) ENGINE=InnoDB AUTO_INCREMENT=100 DEFAULT CHARSET=latin1;

--
-- Dumping data for table `user`
--

/*!40000 ALTER TABLE `user` DISABLE KEYS */;
/*!40000 ALTER TABLE `user` ENABLE KEYS */;


--
-- Definition of table `user_elo_rating_topic`
--

DROP TABLE IF EXISTS `user_elo_rating_topic`;
CREATE TABLE `user_elo_rating_topic` (
  `elo_rating` int(11) NOT NULL DEFAULT '1000',
  `no_of_questions_attempted` int(11) NOT NULL DEFAULT '0',
  `user_id` bigint(20) NOT NULL,
  `topic_id` bigint(20) NOT NULL,
  PRIMARY KEY (`topic_id`,`user_id`),
  KEY `FKB1EDD0382DB871E2` (`user_id`),
  KEY `FKB1EDD03861BC4676` (`topic_id`),
  CONSTRAINT `FKB1EDD0382DB871E2` FOREIGN KEY (`user_id`) REFERENCES `user` (`id`),
  CONSTRAINT `FKB1EDD03861BC4676` FOREIGN KEY (`topic_id`) REFERENCES `topic` (`id`)
) ENGINE=InnoDB DEFAULT CHARSET=latin1;

--
-- Dumping data for table `user_elo_rating_topic`
--

/*!40000 ALTER TABLE `user_elo_rating_topic` DISABLE KEYS */;
/*!40000 ALTER TABLE `user_elo_rating_topic` ENABLE KEYS */;


--
-- Definition of table `user_points`
--

DROP TABLE IF EXISTS `user_points`;
CREATE TABLE `user_points` (
  `user_id` bigint(20) NOT NULL,
  `lms_points` int(11) DEFAULT '0',
  PRIMARY KEY (`user_id`),
  UNIQUE KEY `user_id` (`user_id`)
) ENGINE=InnoDB DEFAULT CHARSET=latin1;

--
-- Dumping data for table `user_points`
--

/*!40000 ALTER TABLE `user_points` DISABLE KEYS */;
/*!40000 ALTER TABLE `user_points` ENABLE KEYS */;




/*!40101 SET SQL_MODE=@OLD_SQL_MODE */;
/*!40014 SET FOREIGN_KEY_CHECKS=@OLD_FOREIGN_KEY_CHECKS */;
/*!40014 SET UNIQUE_CHECKS=@OLD_UNIQUE_CHECKS */;
/*!40101 SET CHARACTER_SET_CLIENT=@OLD_CHARACTER_SET_CLIENT */;
/*!40101 SET CHARACTER_SET_RESULTS=@OLD_CHARACTER_SET_RESULTS */;
/*!40101 SET COLLATION_CONNECTION=@OLD_COLLATION_CONNECTION */;
/*!40101 SET CHARACTER_SET_CLIENT=@OLD_CHARACTER_SET_CLIENT */;
